start	end	sentNum	speaker	confidence	wordPosSent	wordPosDoc	text
1290	1406	1	A	0.75593	1	1	All
1428	2000	1	A	0.8977	2	2	right,
2530	2942	1	A	0.99996	3	3	next
2996	3502	1	A	0.82058	4	4	up
3636	3934	1	A	0.972	5	5	is
3972	4126	1	A	0.99998	6	6	going
4148	4286	1	A	1.0	7	7	to
4308	4494	1	A	0.99999	8	8	be
4532	4842	1	A	0.96952	9	9	Keith
4906	5450	1	A	0.38965	10	10	Dugger,
5530	5726	1	A	0.99999	11	11	who
5748	5934	1	A	0.99998	12	12	has
5972	6346	1	A	0.99996	13	13	submitted
6378	6478	1	A	1.0	14	14	a
6484	6606	1	A	0.99782	15	15	pre
6628	6958	1	A	0.99962	16	16	recorded
7044	7630	1	A	0.99997	17	17	video.
7780	8046	2	A	1.0	1	18	The
8068	8206	2	A	0.99889	2	19	pre
8228	8606	2	A	0.99674	3	20	recorded
8708	9118	2	A	0.99999	4	21	video
9204	9454	2	A	0.99998	5	22	is
9492	9838	2	A	0.99994	6	23	called
9924	10346	2	A	0.74979	7	24	active
10378	10922	2	A	0.61035	8	25	inference.
10986	11358	3	A	0.51	1	26	And
11444	11694	3	A	1.0	2	27	the
11732	12298	3	A	0.9983	3	28	actor
12394	13040	3	A	0.99322	4	29	model
13490	13950	3	A	0.99817	5	30	So
14020	14206	3	A	1.0	6	31	I
14228	14366	3	A	0.99997	7	32	will
14388	14574	3	A	0.99868	8	33	bring
14612	14766	3	A	0.99997	9	34	that
14788	15022	3	A	0.57187	10	35	up
15076	15294	3	A	0.99996	11	36	right
15332	15920	3	A	1.0	12	37	now.
29430	30226	4	A	0.76	1	38	Okay,
30408	30802	4	A	1.0	2	39	here
30856	31554	4	A	0.99995	3	40	comes
31752	32958	4	A	0.98626	4	41	Keith's
33134	33426	4	A	0.99129	5	42	pre
33448	33898	4	A	0.99595	6	43	recorded
34024	34506	4	A	0.99678	7	44	video
34608	34874	4	A	0.9995	8	45	on
34912	35286	4	A	0.86259	9	46	active
35318	35910	4	A	0.97202	10	47	inference
35990	36330	4	A	1.0	11	48	and
36400	36634	4	A	1.0	12	49	the
36672	37014	4	A	0.98471	13	50	Actor
37062	37660	4	A	0.99932	14	51	model.
44240	44776	5	B	0.88008	1	52	Active
44808	45400	5	B	0.88663	2	53	inference
45480	45724	5	B	0.68	3	54	and
45762	45964	5	B	1.0	4	55	the
46002	46296	5	B	0.9326	5	56	actor
46328	46956	5	B	0.98198	6	57	model.
47138	47580	6	B	0.99325	1	58	Hello.
47650	48076	7	B	0.77179	1	59	Hello.
48178	48456	8	B	0.99655	1	60	I'm
48488	48732	8	B	0.99954	2	61	Dr.
48786	49016	9	B	0.99307	1	62	Keith
49048	49608	9	B	0.5668	2	63	Thugger,
49704	50156	9	B	0.99998	3	64	platform
50258	50808	9	B	0.67293	4	65	CTO
50824	51004	9	B	0.8	5	66	at
51042	51304	9	B	1.0	6	67	X
51362	51788	9	B	0.41249	7	68	Ray,
51884	52144	9	B	0.99634	8	69	an
52182	52684	9	B	0.99957	9	70	extended
52732	53356	9	B	0.99996	10	71	reality
53468	54012	9	B	1.0	11	72	AI.
54076	54784	10	B	0.99998	1	73	Company,
54982	55344	10	B	0.99	2	74	and
55382	55584	10	B	1.0	3	75	co
55622	56108	10	B	0.99906	4	76	host
56204	56464	10	B	0.53	5	77	of
56502	56844	10	B	0.97506	6	78	Machine
56892	57152	10	B	0.9999	7	79	Learning
57206	57516	10	B	0.99579	8	80	Street
57548	57840	10	B	0.98464	9	81	Talk
57910	58880	10	B	0.98563	10	82	podcast.
59780	60530	11	B	0.89	1	83	Now,
60900	61216	11	B	0.99996	2	84	as
61238	61376	11	B	0.99997	3	85	we
61398	61584	11	B	0.99981	4	86	all
61622	61824	11	B	0.99846	5	87	work
61862	62064	11	B	1.0	6	88	to
62102	62352	11	B	0.99997	7	89	build
62406	62624	11	B	0.99985	8	90	an
62662	63420	11	B	0.99544	9	91	ecosystem
63500	63852	11	B	0.99909	10	92	based
63926	64164	11	B	0.99781	11	93	on
64202	64576	11	B	0.99123	12	94	active
64608	65536	11	B	0.97658	13	95	inference,
65728	66528	11	B	1.0	14	96	software
66624	66932	11	B	0.83808	15	97	will
66986	67444	11	B	0.99999	16	98	obviously
67562	67988	11	B	0.99999	17	99	play
68074	68324	11	B	0.59	18	100	a
68362	68880	11	B	0.99982	19	101	foundational
68960	69700	11	B	0.98197	20	102	role
70280	70596	11	B	1.0	21	103	to
70618	70756	11	B	1.0	22	104	make
70778	70916	11	B	0.62	23	105	the
70938	71124	11	B	0.99996	24	106	most
71162	71364	11	B	1.0	25	107	of
71402	71776	11	B	0.99269	26	108	active
71808	72320	11	B	0.88586	27	109	inference.
72400	72688	12	B	0.72455	1	110	We'll
72704	72836	12	B	0.99998	2	111	need
72858	72996	12	B	1.0	3	112	to
73018	73204	12	B	0.99994	4	113	use
73242	73584	12	B	1.0	5	114	software
73632	74144	12	B	0.99986	6	115	engineering
74192	75072	12	B	0.99761	7	116	paradigms
75216	75524	12	B	0.99995	8	117	that
75562	76128	12	B	0.99991	9	118	align
76224	76484	12	B	0.99999	10	119	with
76522	76640	12	B	1.0	11	120	the
76650	77156	12	B	0.81113	12	121	principles
77188	77336	12	B	1.0	13	122	of
77358	77636	12	B	0.94492	14	123	active
77668	78516	12	B	0.95907	15	124	inference,
78708	79064	12	B	1.0	16	125	and
79102	79208	12	B	1.0	17	126	I
79214	79384	12	B	0.99994	18	127	think
79422	79576	12	B	0.99996	19	128	there
79598	79736	12	B	0.99913	20	129	is
79758	80136	12	B	1.0	21	130	one
80238	80644	12	B	0.68098	22	131	tailor
80692	80904	12	B	0.9902	23	132	made
80942	81144	12	B	0.98095	24	133	for
81182	81336	12	B	0.99966	25	134	our
81358	81928	12	B	0.99995	26	135	needs.
82094	82468	13	B	0.99987	1	136	It's
82484	82664	13	B	1.0	2	137	called
82702	82856	13	B	1.0	3	138	the
82878	83156	13	B	0.9664	4	139	actor
83188	83770	13	B	0.99973	5	140	model.
85100	85636	14	B	0.9957	1	141	Active
85668	86084	14	B	0.83042	2	142	Inference
86132	86296	14	B	1.0	3	143	and
86318	86504	14	B	1.0	4	144	the
86542	86836	14	B	0.99892	5	145	Actor
86868	87256	14	B	0.99998	6	146	Model
87358	87624	14	B	0.99999	7	147	are
87662	87912	14	B	1.0	8	148	two
87966	88356	14	B	0.99994	9	149	deeply
88388	88896	14	B	0.99995	10	150	connected
88948	89640	14	B	0.99876	11	151	understandings
89720	89916	14	B	1.0	12	152	of
89938	90124	14	B	1.0	13	153	the
90162	90750	14	B	0.99999	14	154	world.
91280	91644	15	B	0.99999	1	155	They
91682	92124	15	B	1.0	2	156	provide
92242	92920	15	B	0.99992	3	157	foundational
93000	93848	15	B	0.62449	4	158	frameworks
93944	94204	15	B	0.99993	5	159	for
94242	94488	15	B	0.99992	6	160	dealing
94504	94636	15	B	0.99952	7	161	with
94658	94796	15	B	0.89	8	162	the
94818	95432	15	B	0.99916	9	163	dynamics
95496	95724	15	B	1.0	10	164	of
95762	96280	15	B	0.99974	11	165	complex
96360	97336	15	B	0.99914	12	166	systems,
97528	97836	15	B	0.99999	13	167	with
97858	97996	15	B	1.0	14	168	a
98018	98300	15	B	1.0	15	169	focus
98370	98844	15	B	0.99998	16	170	on
98962	99624	15	B	0.99799	17	171	autonomous
99672	100028	15	B	0.99971	18	172	agents
100114	100412	15	B	0.68359	19	173	that
100466	101156	15	B	0.7438	20	174	interact
101288	101536	15	B	0.93452	21	175	in
101558	101696	15	B	0.99965	22	176	an
101718	102364	15	B	0.98597	23	177	ecology
102412	102672	15	B	1.0	24	178	of
102726	103244	15	B	0.98485	25	179	nested
103292	104160	15	B	0.99845	26	180	systems.
105220	105596	16	B	0.81591	1	181	I'd
105628	105776	16	B	0.99991	2	182	like
105798	105888	16	B	1.0	3	183	to
105894	106284	16	B	0.86161	4	184	explore
106332	106448	16	B	0.99998	5	185	some
106454	106528	16	B	1.0	6	186	of
106534	106704	16	B	0.99953	7	187	their
106742	106944	16	B	0.99996	8	188	key
106982	107916	16	B	0.98833	9	189	connections,
108108	108812	16	B	0.99929	10	190	including
108876	109056	16	B	1.0	11	191	the
109078	109276	16	B	0.99995	12	192	role
109308	109456	16	B	1.0	13	193	of
109478	110050	16	B	0.99945	14	194	agents
110500	111600	16	B	0.99287	15	195	concurrency,
111940	113040	16	B	0.98428	16	196	autonomy,
113380	114648	16	B	0.95995	17	197	uncertainty,
114844	115300	16	B	0.72	18	198	and
115370	116016	16	B	0.99377	19	199	behavior
116128	117300	16	B	0.99974	20	200	adaptation.
118680	118996	17	B	0.99997	1	201	We
119018	119156	17	B	0.99994	2	202	will
119178	119316	17	B	0.99999	3	203	see
119338	119524	17	B	0.85609	4	204	that
119562	119936	17	B	0.99692	5	205	active
119968	120384	17	B	0.9441	6	206	inference
120432	120596	17	B	0.86	7	207	and
120618	120756	17	B	1.0	8	208	the
120778	121136	17	B	0.67875	9	209	Active
121168	121748	17	B	0.99998	10	210	model
121914	122244	17	B	0.99999	11	211	are
122282	122532	17	B	1.0	12	212	both
122586	123184	17	B	0.71734	13	213	paradigm
123232	123840	17	B	0.82765	14	214	shifts
123920	124356	17	B	0.99998	15	215	away
124458	124724	17	B	1.0	16	216	from
124762	124964	17	B	1.0	17	217	a
125002	126300	17	B	0.96573	18	218	deterministic,
126480	127588	17	B	0.56829	19	219	centralized,
127764	128152	17	B	0.99999	20	220	step
128206	128424	17	B	0.99891	21	221	by
128462	128760	17	B	0.99993	22	222	step
128830	129450	17	B	0.99998	23	223	thinking
129980	130392	17	B	0.91	24	224	to
130446	130808	17	B	1.0	25	225	a
130894	132116	17	B	0.91888	26	226	decentralized
132308	133220	17	B	0.99904	27	227	network
133380	134004	17	B	0.95692	28	228	concurrent
134052	135000	17	B	0.83323	29	229	perspective
135820	136232	17	B	1.0	30	230	of
136286	136552	17	B	1.0	31	231	both
136606	137348	17	B	0.95802	32	232	computation
137444	137752	17	B	0.99	33	233	and
137806	138680	17	B	0.70196	34	234	cognition.
139920	140284	18	B	0.99914	1	235	Just
140322	140428	18	B	1.0	2	236	a
140434	140556	18	B	1.0	3	237	little
140578	140668	18	B	0.99995	4	238	bit
140674	140796	18	B	1.0	5	239	of
140818	141052	18	B	0.99999	6	240	history
141106	141324	18	B	0.51418	7	241	about
141362	141516	18	B	1.0	8	242	the
141538	141816	18	B	0.99613	9	243	Actor
141848	142430	18	B	0.99978	10	244	model.
142960	143324	19	B	0.99999	1	245	Back
143362	143612	19	B	0.99978	2	246	in
143666	145100	19	B	0.99	3	247	1973,
145250	145656	19	B	0.9837	4	248	Karl
145688	146424	19	B	0.53627	5	249	Hewitt,
146552	146904	19	B	0.99999	6	250	Peter
146952	147704	19	B	0.98807	7	251	Bishop,
147832	148124	19	B	0.98	8	252	and
148162	148504	19	B	0.98919	9	253	Richard
148552	149288	19	B	0.81944	10	254	Steiger
149384	149644	19	B	0.73347	11	255	were
149682	149884	19	B	0.99489	12	256	all
149922	150172	19	B	0.99999	13	257	working
150226	150396	19	B	1.0	14	258	at
150418	150556	19	B	1.0	15	259	the
150578	151348	19	B	0.52726	16	260	Massachusetts
151464	151964	19	B	0.96924	17	261	Institute
152012	152176	19	B	1.0	18	262	of
152198	152770	19	B	0.99197	19	263	Technology
153140	153676	19	B	0.99	20	264	AI
153708	154192	19	B	0.80921	21	265	lab
154326	155104	19	B	1.0	22	266	to
155302	156796	19	B	0.96304	23	267	Fundamentalize,
156988	157344	19	B	1.0	24	268	a
157382	157804	19	B	0.9232	25	269	concept
157852	158112	19	B	1.0	26	270	of
158166	158684	19	B	0.99993	27	271	concurrent
158732	159680	19	B	0.95758	28	272	computation
160020	160384	19	B	0.99993	29	273	that
160422	160972	19	B	0.99996	30	274	included
161036	161360	19	B	0.7255	31	275	both
161430	162300	19	B	0.99826	32	276	structure
162460	162736	19	B	0.99997	33	277	as
162758	162944	19	B	0.99644	34	278	well
162982	163484	19	B	0.99991	35	279	as
163622	164304	19	B	0.76064	36	280	adaptable
164352	165040	19	B	0.98909	37	281	algorithm
165120	166020	19	B	0.98314	38	282	execution.
167480	168096	20	B	0.29585	1	283	Conventional
168128	168528	20	B	0.97369	2	284	methods
168544	168676	20	B	1.0	3	285	at
168698	168836	20	B	1.0	4	286	the
168858	169188	20	B	0.99999	5	287	time
169274	169744	20	B	0.99902	6	288	lacked
169792	170528	20	B	0.83595	7	289	robustness
170624	170884	20	B	0.73	8	290	and
170922	171440	20	B	0.66238	9	291	secure
171520	172224	20	B	0.9713	10	292	mathematical
172272	173140	20	B	0.72293	11	293	foundations.
173960	174372	21	B	0.99861	1	294	Their
174426	174864	21	B	0.97987	2	295	collaborative
174912	175264	21	B	0.99981	3	296	effort
175312	175744	21	B	0.71277	4	297	ultimately
175792	176096	21	B	0.99862	5	298	led
176128	176240	21	B	1.0	6	299	to
176250	176376	21	B	0.55	7	300	the
176398	176804	21	B	0.98187	8	301	creation
176852	177256	21	B	1.0	9	302	of
177358	177576	21	B	0.95	10	303	the
177598	177908	21	B	0.87401	11	304	Actor
177924	178490	21	B	0.99986	12	305	model.
179180	179544	22	B	0.72	1	306	At
179582	179736	22	B	1.0	2	307	the
179758	180232	22	B	0.99999	3	308	time,
180366	180616	22	B	0.99999	4	309	it
180638	180776	22	B	0.99999	5	310	was
180798	181076	22	B	0.50932	6	311	viewed
181108	181352	22	B	0.88241	7	312	as
181406	182404	22	B	0.63126	8	313	revolutionary
182532	182868	22	B	0.99999	9	314	due
182884	183016	22	B	1.0	10	315	to
183038	183224	22	B	0.99999	11	316	its
183262	184100	22	B	0.99323	12	317	characteristics
184180	184472	22	B	0.69	13	318	of
184526	184840	22	B	1.0	14	319	both
184910	185364	22	B	0.99988	15	320	increased
185412	185764	22	B	0.53001	16	321	error
185812	186612	22	B	0.98777	17	322	tolerance
186756	187256	22	B	0.73	18	323	and
187358	188084	22	B	0.99913	19	324	distributed
188132	188784	22	B	0.94323	20	325	computation
188852	189660	22	B	0.98103	21	326	abilities.
190320	190824	23	B	0.98207	1	327	Throughout
190872	191036	23	B	1.0	2	328	the
191058	191980	23	B	0.97	3	329	1980s
192050	192236	23	B	1.0	4	330	and
192258	192396	23	B	1.0	5	331	the
192418	193756	23	B	0.92	6	332	1990s,
193938	194236	23	B	1.0	7	333	the
194258	194536	23	B	0.2579	8	334	Actor
194568	194860	23	B	0.99988	9	335	model
194930	195224	23	B	0.99872	10	336	became
195272	195388	23	B	0.95	11	337	a
195394	195784	23	B	0.99994	12	338	basis
195832	196140	23	B	0.99999	13	339	for
196210	196888	23	B	0.979	14	340	numerous
196984	197436	23	B	1.0	15	341	research
197538	198200	23	B	0.99904	16	342	projects
198280	198476	23	B	0.80498	17	343	as
198498	198636	23	B	0.93966	18	344	well
198658	198844	23	B	0.99992	19	345	as
198882	199272	23	B	0.99912	20	346	practical
199336	200200	23	B	0.99993	21	347	projects,
200360	200856	23	B	0.99902	22	348	gaining
200888	201508	23	B	0.99999	23	349	popularity
201544	201696	23	B	0.99639	24	350	for
201718	201904	23	B	0.99955	25	351	its
201942	202732	23	B	0.87531	26	352	flexibility
202876	203184	23	B	0.99	27	353	and
203222	203772	23	B	0.72691	28	354	intuitive
203836	204380	23	B	0.99891	29	355	approach
204460	204896	23	B	1.0	30	356	to
204998	205516	23	B	0.99925	31	357	concurrent
205548	206480	23	B	0.55552	32	358	computation.
208020	208336	24	B	0.98817	1	359	It
208358	208496	24	B	0.99956	2	360	was
208518	208924	24	B	0.87114	3	361	primarily
208972	209232	24	B	0.80795	4	362	used
209286	209648	24	B	0.95326	5	363	in
209734	210364	24	B	0.99906	6	364	artificial
210412	211148	24	B	0.98698	7	365	intelligence
211244	211504	24	B	0.99	8	366	and
211542	211884	24	B	0.78513	9	367	multi
211932	212240	24	B	0.9369	10	368	agent
212310	213084	24	B	0.99525	11	369	systems.
213212	213552	25	B	0.99725	1	370	Sound
213606	214400	25	B	0.96789	2	371	familiar?
215880	216292	26	B	1.0	1	372	New
216346	216656	26	B	0.98951	2	373	Actor
216688	217028	26	B	0.99989	3	374	based
217114	217680	26	B	0.9999	4	375	languages
217760	218052	26	B	0.99997	5	376	like
218106	218784	26	B	0.91125	6	377	Actor,
218912	219808	26	B	0.28494	7	378	Saulson
219904	220164	26	B	0.99	8	379	and
220202	221120	26	B	0.6758	9	380	Erlang
221280	221936	26	B	0.84642	10	381	contributed
221968	222116	26	B	1.0	11	382	to
222138	222276	26	B	1.0	12	383	the
222298	222832	26	B	0.70215	13	384	refinement
222896	223076	26	B	1.0	14	385	of
223098	223236	26	B	1.0	15	386	the
223258	223684	26	B	0.99997	16	387	model,
223802	224208	26	B	0.98348	17	388	shaping
224224	224356	26	B	0.9273	18	389	it
224378	224612	26	B	0.99996	19	390	into
224666	224836	26	B	1.0	20	391	a
224858	225044	26	B	1.0	21	392	more
225082	225600	26	B	0.64352	22	393	robust
225680	225924	26	B	1.0	23	394	and
225962	226444	26	B	0.39314	24	395	flexible
226512	227204	26	B	0.99986	25	396	approach
227332	227624	26	B	1.0	26	397	to
227662	228116	26	B	0.99958	27	398	concurrent
228148	228964	26	B	0.99095	28	399	computing,
229092	229384	26	B	1.0	29	400	and
229422	229576	26	B	0.9999	30	401	it
229598	230148	26	B	0.94313	31	402	remains
230244	230644	26	B	1.0	32	403	alive
230692	230856	26	B	1.0	33	404	and
230878	231160	26	B	0.99999	34	405	well
231230	231416	26	B	0.99998	35	406	in
231438	231720	26	B	0.99993	36	407	computer
231790	232164	26	B	0.97086	37	408	science
232212	232810	26	B	1.0	38	409	today.
233580	233944	27	B	1.0	1	410	More
233982	234452	27	B	0.99983	2	411	recently,
234516	234696	27	B	1.0	3	412	the
234718	234996	27	B	0.48643	4	413	Actor
235028	235272	27	B	0.99994	5	414	model
235326	235496	27	B	0.63143	6	415	has
235518	235796	27	B	0.88115	7	416	gained
235828	236276	27	B	0.74932	8	417	renewed
236308	236840	27	B	1.0	9	418	interest,
236990	237476	27	B	0.95866	10	419	mainly
237508	237796	27	B	0.53307	11	420	due
237828	237976	27	B	1.0	12	421	to
237998	238088	27	B	1.0	13	422	the
238094	238436	27	B	0.99997	14	423	growing
238468	238724	27	B	0.99998	15	424	need
238782	239148	27	B	0.63486	16	425	for
239234	239944	27	B	0.99973	17	426	distributed
239992	240888	27	B	0.99954	18	427	systems,
241064	241452	27	B	1.0	19	428	cloud
241506	242200	27	B	0.70298	20	429	computing
242280	242524	27	B	1.0	21	430	and
242562	242904	27	B	0.70875	22	431	edge
242952	243704	27	B	0.99995	23	432	computing,
243832	244296	27	B	0.96216	24	433	fueling
244328	244476	27	B	0.95	25	434	the
244498	244856	27	B	0.99972	26	435	Internet
244888	245036	27	B	0.87	27	436	of
245058	245580	27	B	0.85229	28	437	Things
245730	246044	27	B	0.94	29	438	and
246082	246284	27	B	0.9999	30	439	Web
246322	247310	27	B	0.95	31	440	30.
248480	248844	28	B	0.99998	1	441	These
248882	249228	28	B	0.99982	2	442	computer
249314	249832	28	B	0.99852	3	443	tasks
249896	250268	28	B	0.99999	4	444	are
250354	250904	28	B	0.62147	5	445	ideally
250952	251352	28	B	0.5613	6	446	suited
251416	251644	28	B	0.96	7	447	to
251682	251836	28	B	0.99999	8	448	take
251858	252296	28	B	1.0	9	449	advantage
252328	252476	28	B	1.0	10	450	of
252498	252636	28	B	1.0	11	451	the
252658	252980	28	B	0.26811	12	452	ACA
253000	253436	28	B	0.99627	13	453	model's
253468	254556	28	B	0.93438	14	454	architecture,
254748	255104	28	B	0.99988	15	455	which
255142	255344	28	B	0.99978	16	456	is
255382	256076	28	B	0.65256	17	457	designed
256188	256800	28	B	0.99941	18	458	exactly
256950	257264	28	B	0.88576	19	459	for
257302	257852	28	B	0.99665	20	460	modeling
257916	258444	28	B	0.98907	21	461	concurrent
258492	259260	28	B	0.99972	22	462	handling
259420	259744	28	B	1.0	23	463	of
259782	260368	28	B	0.99997	24	464	both
260534	260960	28	B	0.99995	25	465	large
261030	261596	28	B	0.77864	26	466	volumes
261628	261776	28	B	1.0	27	467	of
261798	262128	28	B	0.99998	28	468	data
262214	262416	28	B	1.0	29	469	on
262438	262528	28	B	1.0	30	470	the
262534	262752	28	B	1.0	31	471	one
262806	263410	28	B	0.99989	32	472	hand,
263800	264212	28	B	0.78	33	473	and
264266	264532	28	B	0.9995	34	474	fine
264586	265184	28	B	0.39067	35	475	grained
265312	266000	28	B	0.84904	36	476	disparate
266080	266752	28	B	0.60671	37	477	autonomous
266816	267488	28	B	0.9997	38	478	systems
267584	267796	28	B	0.99982	39	479	on
267818	267908	28	B	1.0	40	480	the
267914	268084	28	B	0.50237	41	481	other
268122	268710	28	B	0.99227	42	482	hand.
269640	270100	29	B	0.73003	1	483	This
270170	270596	29	B	1.0	2	484	application
270698	270868	29	B	1.0	3	485	of
270874	270996	29	B	1.0	4	486	the
271018	271296	29	B	0.73937	5	487	Actor
271328	271668	29	B	0.99984	6	488	model
271754	272004	29	B	0.99978	7	489	has
272042	272244	29	B	0.99973	8	490	had
272282	272800	29	B	0.9763	9	491	profound
272880	273424	29	B	0.9982	10	492	effects
273472	273636	29	B	0.99989	11	493	on
273658	273940	29	B	0.99988	12	494	major
274010	274436	29	B	0.99982	13	495	companies
274538	274756	29	B	0.9751	14	496	that
274778	274964	29	B	0.94425	15	497	have
275002	275408	29	B	0.72135	16	498	utilized
275424	275604	29	B	0.98471	17	499	its
275642	276508	29	B	0.99072	18	500	principles
276624	276904	29	B	0.99	19	501	to
276942	277284	29	B	0.99995	20	502	handle
277332	277496	29	B	0.99997	21	503	big
277518	277800	29	B	0.93913	22	504	data
277870	278344	29	B	0.99997	23	505	problems
278462	278744	29	B	0.99999	24	506	such
278782	278936	29	B	1.0	25	507	as
278958	279720	29	B	0.99947	26	508	Twitter,
280380	281348	29	B	0.93649	27	509	Facebook,
281524	282520	29	B	0.99102	28	510	LinkedIn,
283900	284552	29	B	0.97814	29	511	so
284686	284936	29	B	0.99996	30	512	what
284958	285096	29	B	0.99481	31	513	does
285118	285256	29	B	0.99725	32	514	this
285278	285416	29	B	0.94279	33	515	have
285438	285528	29	B	1.0	34	516	to
285534	285656	29	B	0.99928	35	517	do
285678	285864	29	B	0.99756	36	518	with
285902	286196	29	B	0.95446	37	519	active
286228	287108	29	B	0.47968	38	520	inference?
287284	287636	30	B	0.99125	1	521	I'm
287668	288180	30	B	0.99998	2	522	guessing
288260	288516	30	B	0.99564	3	523	you've
288548	288744	30	B	0.99998	4	524	already
288782	289032	30	B	0.99997	5	525	heard
289086	289256	30	B	0.99998	6	526	some
289278	289368	30	B	1.0	7	527	of
289374	289448	30	B	1.0	8	528	the
289454	289972	30	B	0.95452	9	529	parallels
290036	290216	30	B	0.56066	10	530	in
290238	290340	30	B	1.0	11	531	the
290350	290908	30	B	0.52842	12	532	intro.
291074	291404	31	B	0.71179	1	533	But
291442	291656	31	B	0.99879	2	534	let's
291688	291932	31	B	0.99999	3	535	start
291986	292300	31	B	0.99999	4	536	by
292370	292652	31	B	1.0	5	537	looking
292706	292876	31	B	1.0	6	538	at
292898	292988	31	B	1.0	7	539	a
292994	293260	31	B	1.0	8	540	few
293330	293656	31	B	0.99999	9	541	core
293688	294360	31	B	0.66894	10	542	principles
294440	294636	31	B	1.0	11	543	of
294658	294796	31	B	1.0	12	544	the
294818	295096	31	B	0.97812	13	545	actor
295128	295708	31	B	0.99999	14	546	model
295874	296204	31	B	1.0	15	547	and
296242	296396	31	B	1.0	16	548	how
296418	296604	31	B	0.99998	17	549	they
296642	297160	31	B	0.99999	18	550	relate
297240	297436	31	B	1.0	19	551	to
297458	297596	31	B	1.0	20	552	the
297618	298056	31	B	0.75275	21	553	principles
298088	298236	31	B	1.0	22	554	of
298258	298568	31	B	0.95043	23	555	active
298584	299420	31	B	0.55046	24	556	inference.
300000	300376	32	B	0.99962	1	557	Let's
300408	300556	32	B	1.0	2	558	start
300578	300716	32	B	1.0	3	559	with
300738	300828	32	B	1.0	4	560	the
300834	301236	32	B	0.96181	5	561	concept
301288	301504	32	B	1.0	6	562	of
301542	302480	32	B	0.99998	7	563	isolation.
303540	304460	33	B	0.37632	1	564	Isolation
304540	304832	33	B	0.99998	2	565	means
304886	305200	33	B	0.99998	3	566	that
305270	305504	33	B	0.99999	4	567	an
305542	305964	33	B	0.99991	5	568	actor
306012	306176	33	B	0.55245	6	569	in
306198	306336	33	B	0.99	7	570	the
306358	306716	33	B	0.99936	8	571	actor
306748	307232	33	B	0.99995	9	572	model
307366	307664	33	B	0.52018	10	573	does
307702	308000	33	B	0.87305	11	574	not
308070	308352	33	B	1.0	12	575	share
308406	308672	33	B	0.93332	13	576	its
308726	309328	33	B	0.77714	14	577	state
309494	309872	33	B	0.99999	15	578	with
309926	310192	33	B	1.0	16	579	any
310246	310464	33	B	0.99999	17	580	other
310502	311280	33	B	0.5508	18	581	actor.
312100	312416	34	B	0.99999	1	582	It
312438	312624	34	B	0.64216	2	583	can
312662	312864	34	B	1.0	3	584	only
312902	313104	34	B	0.99959	4	585	be
313142	313832	34	B	0.99203	5	586	affected
313916	314212	34	B	0.99911	6	587	by
314266	314784	34	B	0.92064	7	588	receiving
314832	315044	34	B	1.0	8	589	a
315082	315670	34	B	0.99999	9	590	message.
316040	316404	35	B	1.0	1	591	And
316442	316596	35	B	0.99977	2	592	it
316618	316756	35	B	0.99997	3	593	can
316778	317060	35	B	0.99998	4	594	only
317130	317824	35	B	0.99833	5	595	affect
317952	318388	35	B	0.82823	6	596	change
318474	318676	35	B	0.88298	7	597	in
318698	318836	35	B	1.0	8	598	the
318858	319044	35	B	1.0	9	599	state
319082	319284	35	B	1.0	10	600	of
319322	319524	35	B	0.99964	11	601	other
319562	320048	35	B	0.70242	12	602	actors
320144	320452	35	B	0.99999	13	603	by
320506	320816	35	B	0.99997	14	604	sending
320848	321044	35	B	0.73	15	605	a
321082	321600	35	B	0.99969	16	606	finite
321680	321924	35	B	0.99999	17	607	number
321962	322164	35	B	1.0	18	608	of
322202	322800	35	B	0.98964	19	609	messages
322880	323124	35	B	0.99852	20	610	in
323162	324100	35	B	0.99767	21	611	response.
324840	325204	36	B	1.0	1	612	From
325242	325444	36	B	1.0	2	613	a
325482	325776	36	B	1.0	3	614	software
325808	326348	36	B	0.57699	4	615	engineering
326384	326584	36	B	1.0	5	616	point
326622	326728	36	B	1.0	6	617	of
326734	327096	36	B	0.99	7	618	view,
327198	327512	36	B	0.99999	8	619	this
327566	328260	36	B	0.99853	9	620	isolation
328340	328948	36	B	0.99575	10	621	principle
329044	329572	36	B	0.69565	11	622	limits
329636	330052	36	B	0.99826	12	623	potential
330116	330392	36	B	0.94383	13	624	side
330446	331252	36	B	0.99674	14	625	effects
331396	331704	36	B	1.0	15	626	of
331742	331896	36	B	0.99996	16	627	an
331918	332372	36	B	0.97247	17	628	operation
332436	332616	36	B	1.0	18	629	to
332638	332824	36	B	0.8	19	630	a
332862	333112	36	B	1.0	20	631	single
333166	333940	36	B	0.73453	21	632	actor,
334100	334564	36	B	0.51229	22	633	thus
334612	335092	36	B	0.99331	23	634	improving
335156	335384	36	B	1.0	24	635	the
335422	335924	36	B	0.99959	25	636	system's
335972	336644	36	B	0.99991	26	637	overall
336772	337700	36	B	0.7599	27	638	predictability
337860	339072	36	B	0.60095	28	639	reliability,
339236	339564	36	B	0.81	29	640	and
339602	339852	36	B	0.99999	30	641	most
339906	340568	36	B	0.99997	31	642	importantly,
340664	340972	36	B	0.99995	32	643	if
341026	341464	36	B	0.61004	33	644	embraced
341512	342104	36	B	0.99937	34	645	fully,
342232	342572	36	B	0.99948	35	646	can
342626	343132	36	B	0.99997	36	647	actually
343266	343960	36	B	0.99895	37	648	simplify
344040	344284	36	B	0.99	38	649	the
344322	344910	36	B	0.99989	39	650	design.
346560	346924	37	B	0.99997	1	651	Looking
346962	347116	37	B	0.74	2	652	at
347138	347276	37	B	0.77	3	653	the
347298	347928	37	B	0.99558	4	654	diagram,
348024	348284	37	B	0.99997	5	655	we
348322	348476	37	B	0.99936	6	656	see
348498	348636	37	B	0.99959	7	657	an
348658	349304	37	B	0.8204	8	658	ecosystem
349352	349564	37	B	1.0	9	659	of
349602	350216	37	B	0.99994	10	660	actors
350328	350744	37	B	0.9999	11	661	sending
350792	351364	37	B	0.99986	12	662	messages
351432	351616	37	B	1.0	13	663	to
351638	351824	37	B	1.0	14	664	a
351862	352256	37	B	1.0	15	665	particular
352358	353052	37	B	0.94825	16	666	actor,
353196	353552	37	B	1.0	17	667	which
353606	353776	37	B	0.99999	18	668	in
353798	354176	37	B	0.99999	19	669	turn
354278	354636	37	B	0.99962	20	670	sends
354668	354960	37	B	0.99485	21	671	back
355030	355708	37	B	0.99869	22	672	messages
355804	356064	37	B	1.0	23	673	to
356102	356304	37	B	0.99999	24	674	other
356342	357040	37	B	0.99798	25	675	actors.
358340	358704	38	B	0.99999	1	676	Where
358742	358944	38	B	0.99983	2	677	is
358982	359276	38	B	0.99846	3	678	active
359308	359916	38	B	0.82083	4	679	inference?
360028	360690	39	B	0.99959	1	680	Well,
361300	361804	39	B	0.99973	2	681	let's
361852	362524	39	B	0.9314	3	682	recast
362652	363196	39	B	0.99999	4	683	receiving
363228	363424	39	B	1.0	5	684	and
363462	363816	39	B	0.99996	6	685	sending
363868	364704	39	B	0.99804	7	686	messages
364832	365124	39	B	1.0	8	687	to
365162	365364	39	B	1.0	9	688	a
365402	366128	39	B	0.99975	10	689	perception
366224	366704	39	B	0.99971	11	690	action
366752	367392	39	B	0.9996	12	691	cycle
367536	367892	39	B	0.79	13	692	and
367946	368560	39	B	0.97954	14	693	denote
368640	369620	39	B	0.99799	15	694	external,
370200	371220	39	B	0.9912	16	695	internal,
371720	372740	39	B	0.99632	17	696	sensory
373080	373540	39	B	0.83	18	697	and
373610	374016	39	B	0.99859	19	698	active
374048	374630	39	B	1.0	20	699	states.
375480	375796	40	B	1.0	1	700	And
375818	376004	40	B	0.89109	2	701	we
376042	376304	40	B	1.0	3	702	now
376362	376804	40	B	0.99975	4	703	clearly
376852	377112	40	B	0.99996	5	704	have
377166	377384	40	B	1.0	6	705	the
377422	377892	40	B	0.99851	7	706	necessary
377956	378452	40	B	0.92568	8	707	foundation
378516	379130	40	B	1.0	9	708	of
379500	379956	40	B	0.82217	10	709	active
379988	380820	40	B	0.88845	11	710	inference
380980	381256	40	B	0.71	12	711	a
381278	381748	40	B	0.59194	13	712	Markov
381764	382600	40	B	0.65209	14	713	blanket.
383660	384024	41	B	1.0	1	714	The
384062	384452	41	B	0.66805	2	715	actors
384516	384696	41	B	0.75	3	716	of
384718	384856	41	B	1.0	4	717	the
384878	385204	41	B	0.99848	5	718	actor
385252	385848	41	B	1.0	6	719	model
386014	386436	41	B	0.99695	7	720	map
386468	387140	41	B	0.99943	8	721	directly
387220	387416	41	B	1.0	9	722	to
387438	387576	41	B	1.0	10	723	the
387598	388072	41	B	0.7164	11	724	agents
388206	388504	41	B	1.0	12	725	of
388542	388848	41	B	0.85457	13	726	active
388884	389660	41	B	0.72411	14	727	inference.
390480	390796	42	B	0.99999	1	728	In
390818	391384	42	B	0.99997	2	729	addition,
391512	391804	42	B	0.51	3	730	the
391842	392840	42	B	0.99667	4	731	finiteness,
393000	393324	42	B	0.66	5	732	the
393362	393564	42	B	0.99997	6	733	fact
393602	393852	42	B	0.99998	7	734	that
393906	394076	42	B	0.99723	8	735	an
394098	394456	42	B	0.65689	9	736	actor
394488	394636	42	B	0.99998	10	737	can
394658	394892	42	B	0.99771	11	738	only
394946	395356	42	B	1.0	12	739	send
395458	395676	42	B	1.0	13	740	a
395698	396152	42	B	0.99292	14	741	finite
396216	396444	42	B	0.99999	15	742	number
396482	396684	42	B	1.0	16	743	of
396722	397272	42	B	0.99988	17	744	messages
397336	397564	42	B	0.99705	18	745	in
397602	398520	42	B	0.99859	19	746	response
398680	399004	42	B	0.58587	20	747	is
399042	399292	42	B	0.99998	21	748	also
399346	399516	42	B	0.99999	22	749	an
399538	399916	42	B	0.99994	23	750	important
400018	400536	42	B	0.45048	24	751	shared
400568	401150	42	B	0.9991	25	752	property.
401940	402400	43	B	0.99704	1	753	Because
402470	402876	43	B	0.98839	2	754	active
402908	403324	43	B	0.99311	3	755	inference
403372	403932	43	B	0.99957	4	756	models
403996	404780	43	B	0.7717	5	757	reality,
404940	405312	43	B	0.9599	6	758	it
405366	405980	43	B	0.76856	7	759	necessarily
406060	406652	43	B	0.82761	8	760	respects
406716	406944	43	B	1.0	9	761	the
406982	407452	43	B	0.99997	10	762	resource
407516	408268	43	B	0.95047	11	763	constraints
408364	408672	43	B	0.99	12	764	of
408726	408992	43	B	1.0	13	765	real
409046	409852	43	B	0.99235	14	766	systems.
409996	410304	44	B	1.0	1	767	And
410342	410496	44	B	0.99998	2	768	this
410518	410704	44	B	0.98554	3	769	is
410742	411132	44	B	0.62153	4	770	nicely
411196	411740	44	B	0.47182	5	771	bathed
411820	412112	44	B	0.99994	6	772	into
412166	412336	44	B	1.0	7	773	the
412358	412908	44	B	0.88332	8	774	foundation
413004	413216	44	B	1.0	9	775	of
413238	413376	44	B	1.0	10	776	the
413398	413768	44	B	0.1821	11	777	active
413804	414390	44	B	0.99867	12	778	model.
415320	415696	45	B	0.64785	1	779	Let's
415728	415876	45	B	1.0	2	780	look
415898	416036	45	B	1.0	3	781	at
416058	416244	45	B	0.99998	4	782	another
416282	416496	45	B	0.99036	5	783	core
416528	417300	45	B	0.97595	6	784	principle
417720	418592	45	B	0.7926	7	785	asynchronous
418656	418932	45	B	0.99998	8	786	message
418986	419860	45	B	0.95761	9	787	passing.
420840	421712	46	B	0.9999	1	788	Communication
421776	422100	46	B	0.99999	2	789	between
422170	422672	46	B	0.99997	3	790	actors
422736	423012	46	B	0.99998	4	791	is
423066	424100	46	B	0.44955	5	792	asynchronous.
424440	424852	47	B	0.9098	1	793	This
424906	425268	47	B	0.99999	2	794	means
425354	425604	47	B	0.99999	3	795	an
425642	425936	47	B	0.99996	4	796	actor
425968	426236	47	B	0.9997	5	797	doesn't
426288	426552	47	B	0.9985	6	798	wait
426606	426728	47	B	0.99997	7	799	for
426734	426856	47	B	0.98	8	800	a
426878	427492	47	B	0.99863	9	801	response
427556	427832	47	B	0.99996	10	802	after
427886	428196	47	B	0.99996	11	803	sending
428228	428376	47	B	1.0	12	804	a
428398	429064	47	B	0.99998	13	805	message.
429262	429624	48	B	0.99987	1	806	It
429662	430084	48	B	0.99992	2	807	continues
430132	430680	48	B	0.99939	3	808	working,
430830	431096	48	B	0.99951	4	809	it
431118	431604	48	B	0.99983	5	810	continues
431652	432056	48	B	0.99982	6	811	living,
432158	432424	48	B	0.99996	7	812	as
432462	432616	48	B	0.99998	8	813	it
432638	433210	48	B	0.99996	9	814	were.
433820	434568	49	B	0.99941	1	815	This
434734	435064	49	B	0.99962	2	816	is
435102	435716	49	B	0.99976	3	817	critical
435828	436104	49	B	0.99998	4	818	as
436142	436344	49	B	0.99998	5	819	it
436382	437076	49	B	0.53626	6	820	decouples
437108	437256	49	B	0.93	7	821	the
437278	437924	49	B	0.4933	8	822	actors,
438052	438516	49	B	0.9999	9	823	leading
438548	438756	49	B	1.0	10	824	to
438798	438956	49	B	0.98	11	825	a
438978	439548	49	B	0.99998	12	826	system
439714	440044	49	B	0.99986	13	827	that
440082	440284	49	B	0.99991	14	828	can
440322	440668	49	B	0.99992	15	829	continue
440754	441720	49	B	0.99983	16	830	functioning,
441880	442348	49	B	0.99673	17	831	living
442434	442684	49	B	0.63	18	832	and
442722	443020	49	B	0.99994	19	833	making
443090	443820	49	B	0.99812	20	834	progress
444320	444732	49	B	0.99978	21	835	even
444786	445004	49	B	0.99997	22	836	when
445042	445288	49	B	0.99993	23	837	parts
445304	445436	49	B	1.0	24	838	of
445458	445596	49	B	1.0	25	839	the
445618	445948	49	B	0.99999	26	840	system
446034	446332	49	B	0.53721	27	841	are
446386	447064	49	B	0.99993	28	842	slow
447192	447484	49	B	0.99992	29	843	or
447522	447820	49	B	0.99999	30	844	even
447890	448552	49	B	0.92926	31	845	temporarily
448616	449660	49	B	0.9961	32	846	unavailable.
450800	451428	50	B	0.97963	1	847	Professor
451464	451964	50	B	0.54601	2	848	Friston
452012	452224	50	B	0.93498	3	849	has
452262	452512	50	B	0.99998	4	850	said
452566	452736	50	B	0.99947	5	851	that
452758	452896	50	B	1.0	6	852	the
452918	453104	50	B	0.99	7	853	free
453142	453392	50	B	0.99993	8	854	energy
453446	454028	50	B	0.62133	9	855	principle
454124	454384	50	B	0.99996	10	856	is
454422	454624	50	B	1.0	11	857	the
454662	455308	50	B	0.98041	12	858	ultimate
455404	456140	50	B	0.99522	13	859	existential
456220	456850	50	B	0.9998	14	860	question
457780	458240	50	B	0.99042	15	861	if
458310	458640	50	B	1.0	16	862	things
458710	459520	50	B	0.99989	17	863	exist,
459860	460272	50	B	0.9998	18	864	what
460326	460592	50	B	0.99998	19	865	must
460646	460864	50	B	0.99998	20	866	they
460902	461490	50	B	0.99971	21	867	do?
462660	462976	51	B	0.98708	1	868	Well,
462998	463136	51	B	1.0	2	869	the
463158	463436	51	B	0.99655	3	870	actor
463468	463772	51	B	0.99816	4	871	model
463846	464624	51	B	0.84513	5	872	claims
464752	465092	51	B	0.99982	6	873	they
465146	465412	51	B	0.99999	7	874	must
465466	465732	51	B	0.99985	8	875	not
465786	466292	51	B	0.76141	9	876	wait
466426	466724	51	B	1.0	10	877	on
466762	467350	51	B	1.0	11	878	others.
468360	468676	52	B	1.0	1	879	Of
468698	469220	52	B	1.0	2	880	course,
469370	469684	52	B	0.96088	3	881	an
469722	470384	52	B	0.99991	4	882	actor
470512	470852	52	B	0.99998	5	883	can
470906	471124	52	B	1.0	6	884	choose
471162	471316	52	B	0.54	7	885	to
471338	471572	52	B	0.5547	8	886	wait
471626	471796	52	B	1.0	9	887	on
471818	472390	52	B	1.0	10	888	others,
472760	473124	52	B	0.68611	11	889	but
473162	473364	52	B	0.82552	12	890	it
473402	473652	52	B	1.0	13	891	must
473706	474068	52	B	0.98009	14	892	not
474154	474452	52	B	0.99999	15	893	be
474506	474960	52	B	0.96685	16	894	forced
475040	475284	52	B	1.0	17	895	to
475322	475476	52	B	0.99999	18	896	do
475498	476070	52	B	0.58297	19	897	so
476620	476936	52	B	0.90115	20	898	in
476958	477144	52	B	0.87	21	899	the
477182	477528	52	B	0.99996	22	900	model.
477614	477816	53	B	0.99999	1	901	It
477838	478024	53	B	0.77394	2	902	must
478062	478360	53	B	0.67165	3	903	be
478430	478808	53	B	1.0	4	904	free
478894	479144	53	B	1.0	5	905	to
479182	479770	53	B	1.0	6	906	choose.
481820	482232	54	B	0.92489	1	907	This
482286	482516	54	B	0.67194	2	908	leads
482548	482744	54	B	1.0	3	909	us
482782	483128	54	B	1.0	4	910	to
483214	483560	54	B	0.99997	5	911	another
483630	484004	54	B	0.99986	6	912	critical
484052	484868	54	B	0.82062	7	913	principle
485044	485384	54	B	0.99996	8	914	that
485422	485624	54	B	0.99999	9	915	both
485662	486036	54	B	0.99975	10	916	models
486068	486456	54	B	0.99998	11	917	share
486558	487640	54	B	0.9995	12	918	autonomy.
488860	489176	55	B	1.0	1	919	The
489198	489384	55	B	1.0	2	920	free
489422	489720	55	B	0.99996	3	921	energy
489790	490496	55	B	0.0	4	922	principle
490628	490876	55	B	0.99997	5	923	is
490898	491036	55	B	0.91	6	924	a
491058	491340	55	B	0.99999	7	925	model
491410	491596	55	B	1.0	8	926	of
491618	491944	55	B	0.99984	9	927	physical
491992	492860	55	B	0.99994	10	928	reality
493280	493644	55	B	1.0	11	929	and
493682	493884	55	B	0.99995	12	930	our
493922	494312	55	B	0.95488	13	931	reality
494376	494748	55	B	0.99995	14	932	is,
494834	495132	55	B	0.99992	15	933	after
495186	495548	55	B	0.99992	16	934	all,
495634	496620	55	B	0.99948	17	935	concurrent.
497360	497772	56	B	0.99999	1	936	All
497826	498360	56	B	0.99984	2	937	throughout
498440	498904	56	B	0.99984	3	938	infinite
498952	499644	56	B	0.99998	4	939	space,
499842	500504	56	B	0.64003	5	940	systems
500552	500812	56	B	0.99997	6	941	are
500866	501572	56	B	0.99183	7	942	evolving
501656	502748	56	B	0.98649	8	943	simultaneously
502844	503228	56	B	0.99995	9	944	according
503244	503376	56	B	1.0	10	945	to
503398	503632	56	B	0.99972	11	946	their
503686	504048	56	B	0.99992	12	947	local
504134	505196	56	B	0.95807	13	948	dynamics.
505388	505744	57	B	0.99	1	949	And
505782	506480	57	B	0.99866	2	950	therefore
507140	507504	57	B	0.99982	3	951	this
507542	507696	57	B	0.9993	4	952	is
507718	508284	57	B	0.99996	5	953	reflected
508332	508448	57	B	1.0	6	954	at
508454	508576	57	B	1.0	7	955	the
508598	508832	57	B	0.99998	8	956	heart
508886	509056	57	B	1.0	9	957	of
509078	509168	57	B	1.0	10	958	the
509174	509344	57	B	1.0	11	959	free
509382	509680	57	B	0.99958	12	960	energy
509750	510560	57	B	0.26079	13	961	principle.
510980	511296	58	B	0.99	1	962	Of
511318	511984	58	B	0.9994	2	963	course,
512182	512496	58	B	1.0	3	964	a
512518	512752	58	B	0.99998	4	965	model
512806	513024	58	B	1.0	5	966	of
513062	514040	58	B	0.99963	6	967	computation
514220	514564	58	B	0.9807	7	968	need
514602	514804	58	B	0.99993	8	969	not
514842	515296	58	B	0.97862	9	970	constrain
515328	515572	58	B	0.99924	10	971	itself
515626	515796	58	B	0.98	11	972	to
515818	516560	58	B	0.99838	12	973	physics.
516720	517044	59	B	0.55322	1	974	But
517082	517504	59	B	0.75821	2	975	Hewitt
517552	517728	59	B	0.62	3	976	et
517744	518068	59	B	0.99223	4	977	al.
518154	518404	60	B	0.81014	1	978	Were
518442	518784	60	B	0.99974	2	979	seeking
518832	519044	60	B	1.0	3	980	to
519082	519524	60	B	0.99999	4	981	develop
519642	519876	60	B	0.97	5	982	a
519898	520180	60	B	0.99996	6	983	model
520250	520484	60	B	0.99997	7	984	that
520522	520820	60	B	0.57885	8	985	did
520890	521172	60	B	0.99996	9	986	model
521226	521396	60	B	1.0	10	987	the
521418	521920	60	B	0.9991	11	988	reality
522000	522292	60	B	0.6	12	989	of
522346	523072	60	B	0.99951	13	990	distributed
523136	523664	60	B	0.96776	14	991	concurrent
523712	524560	60	B	0.94646	15	992	systems.
524720	525044	61	B	0.9	1	993	And
525082	525504	61	B	0.99743	2	994	luckily
525552	525716	61	B	0.99998	3	995	for
525738	526260	61	B	1.0	4	996	us,
526410	526724	61	B	0.68	5	997	the
526762	527056	61	B	0.99458	6	998	actor
527088	527380	61	B	0.99996	7	999	model
527450	528336	61	B	0.9468	8	1000	embraces
528528	528932	61	B	0.99968	9	1001	both
528986	529940	61	B	0.96258	10	1002	concurrency,
530460	530824	61	B	0.99987	11	1003	seen
530862	531016	61	B	0.99998	12	1004	from
531038	531128	61	B	1.0	13	1005	the
531134	531396	61	B	0.82939	14	1006	principle
531428	531576	61	B	1.0	15	1007	of
531598	532548	61	B	0.99957	16	1008	isolation
532724	533352	61	B	0.82	17	1009	and
533486	533924	61	B	0.99952	18	1010	actor
533972	535076	61	B	0.99978	19	1011	autonomy,
535268	535624	61	B	0.99998	20	1012	making
535662	535864	61	B	0.62212	21	1013	it
535902	536500	61	B	0.81821	22	1014	compatible
536580	536872	61	B	0.66364	23	1015	with
536926	537236	61	B	0.9732	24	1016	active
537268	538040	61	B	0.96896	25	1017	inference.
539200	540044	62	B	0.58257	1	1018	Next
540242	540604	62	B	0.99409	2	1019	we
540642	540796	62	B	0.99999	3	1020	come
540818	540956	62	B	1.0	4	1021	to
540978	541820	62	B	0.99842	5	1022	nesting.
542640	542956	63	B	1.0	1	1023	The
542978	543304	63	B	0.96223	2	1024	actor
543352	543756	63	B	0.99997	3	1025	model
543858	544344	63	B	0.95933	4	1026	allows
544392	544604	63	B	0.99998	5	1027	for
544642	544796	63	B	0.99998	6	1028	an
544818	545224	63	B	0.99554	7	1029	actor
545272	545532	63	B	1.0	8	1030	to
545586	545756	63	B	1.0	9	1031	not
545778	546060	63	B	0.9638	10	1032	only
546130	546952	63	B	0.6646	11	1033	receive
547096	547452	63	B	1.0	12	1034	and
547506	547820	63	B	0.99998	13	1035	send
547890	548076	63	B	1.0	14	1036	a
548098	548552	63	B	0.66468	15	1037	finite
548616	548844	63	B	1.0	16	1038	number
548882	549036	63	B	1.0	17	1039	of
549058	549688	63	B	0.99987	18	1040	messages
549784	550044	63	B	1.0	19	1041	to
550082	550680	63	B	0.99786	20	1042	perceive
550760	551160	63	B	0.52	21	1043	and
551250	551984	63	B	0.9544	22	1044	act,
552182	552496	63	B	0.99998	23	1045	it
552518	552800	63	B	0.76254	24	1046	also
552870	553452	63	B	0.99909	25	1047	allows
553516	553696	63	B	0.99976	26	1048	as
553718	553904	63	B	0.50315	27	1049	an
553942	554428	63	B	0.76973	28	1050	action
554524	554784	63	B	1.0	29	1051	the
554822	555292	63	B	0.98982	30	1052	creation
555356	555536	63	B	1.0	31	1053	of
555558	555744	63	B	1.0	32	1054	a
555782	556172	63	B	0.92648	33	1055	finite
556236	556704	63	B	0.99998	34	1056	number
556822	557152	63	B	1.0	35	1057	of
557206	557424	63	B	1.0	36	1058	new
557462	558240	63	B	0.99992	37	1059	actors.
559220	559632	64	B	0.99998	1	1060	These
559686	560092	64	B	0.99976	2	1061	actors
560156	560384	64	B	0.83491	3	1062	can
560422	560624	64	B	0.99999	4	1063	either
560662	560816	64	B	1.0	5	1064	be
560838	561244	64	B	0.53737	6	1065	nested
561292	561504	64	B	0.99997	7	1066	within
561542	561696	64	B	0.96	8	1067	the
561718	562290	64	B	0.99977	9	1068	parent,
562820	563184	64	B	0.99998	10	1069	say,
563222	563376	64	B	1.0	11	1070	the
563398	563676	64	B	0.93147	12	1071	parts
563708	563868	64	B	1.0	13	1072	of
563894	564036	64	B	0.99987	14	1073	an
564058	564336	64	B	0.99998	15	1074	animal
564368	564756	64	B	0.99966	16	1075	cell,
564858	565124	64	B	0.79081	17	1076	or
565162	565268	64	B	0.80113	18	1077	it
565274	565396	64	B	0.9994	19	1078	can
565418	565604	64	B	0.99994	20	1079	be
565642	566032	64	B	0.99939	21	1080	released
566096	566324	64	B	0.99998	22	1081	into
566362	566564	64	B	0.56	23	1082	the
566602	567200	64	B	0.99999	24	1083	environment
567280	567620	64	B	0.78932	25	1084	as
567690	568352	64	B	0.99283	26	1085	independent
568416	568864	64	B	0.99949	27	1086	actors.
568912	569076	65	B	0.99999	1	1087	From
569098	569284	65	B	0.93	2	1088	then
569322	569910	65	B	0.99982	3	1089	on
570840	571156	65	B	0.99993	4	1090	this
571178	571504	65	B	0.60099	5	1091	principle,
571552	571716	65	B	0.88	6	1092	the
571738	571972	65	B	0.99995	7	1093	model
572026	572336	65	B	0.98967	8	1094	fits
572368	572784	65	B	0.99995	9	1095	nicely
572832	572996	65	B	1.0	10	1096	with
573018	573156	65	B	1.0	11	1097	the
573178	573508	65	B	0.99999	12	1098	beautiful
573594	574192	65	B	0.40384	13	1099	concepts
574256	574628	65	B	0.71	14	1100	of
574714	575504	65	B	0.52337	15	1101	multiscale
575552	576316	65	B	0.87674	16	1102	nesting
576448	576696	65	B	0.6	17	1103	and
576718	577076	65	B	0.97953	18	1104	active
577108	577960	65	B	0.92245	19	1105	inference.
578940	579304	66	B	0.99999	1	1106	This
579342	579764	66	B	0.91437	2	1107	allows
579812	580024	66	B	0.99999	3	1108	for
580062	580500	66	B	0.97925	4	1109	actors
580580	580920	66	B	1.0	5	1110	to
580990	581460	66	B	0.99989	6	1111	contain
581540	582436	66	B	0.66729	7	1112	ecosystems
582468	582664	66	B	1.0	8	1113	of
582702	583508	66	B	0.97208	9	1114	actors
583684	584120	66	B	0.99999	10	1115	both
584190	584424	66	B	0.99988	11	1116	all
584462	584568	66	B	1.0	12	1117	the
584574	584792	66	B	0.99893	13	1118	way
584846	585496	66	B	1.0	14	1119	down
585678	586072	66	B	1.0	15	1120	and
586126	586344	66	B	0.99999	16	1121	all
586382	586488	66	B	1.0	17	1122	the
586494	586664	66	B	0.99994	18	1123	way
586702	587290	66	B	0.99998	19	1124	up.
589200	589804	67	B	0.9999	1	1125	Last,
589922	590156	67	B	1.0	2	1126	I
590178	590316	67	B	0.99802	3	1127	want
590338	590476	67	B	1.0	4	1128	to
590498	590732	67	B	0.99999	5	1129	cover
590786	591052	67	B	0.53	6	1130	two
591106	591468	67	B	1.0	7	1131	more
591554	591976	67	B	0.54382	8	1132	actor
592008	592252	67	B	0.99995	9	1133	model
592306	592620	67	B	0.9998	10	1134	design
592690	593740	67	B	0.9754	11	1135	principles
594080	594712	67	B	0.5827	12	1136	behavior
594776	595436	67	B	0.99999	13	1137	change
595618	596012	67	B	1.0	14	1138	and
596066	597020	67	B	0.99994	15	1139	persistence.
599040	599624	68	B	0.9995	1	1140	Actors
599672	599884	68	B	0.99934	2	1141	have
599922	600076	68	B	1.0	3	1142	the
600098	600440	68	B	0.99076	4	1143	ability
600520	600860	68	B	1.0	5	1144	to
600930	601320	68	B	0.66539	6	1145	change
601410	601664	68	B	0.9998	7	1146	their
601702	602364	68	B	0.95577	8	1147	behavior
602492	602784	68	B	0.99093	9	1148	in
602822	603356	68	B	0.97598	10	1149	response
603388	603632	68	B	1.0	11	1150	to
603686	603856	68	B	1.0	12	1151	a
603878	604450	68	B	0.99998	13	1152	message.
605140	605600	69	B	0.53001	1	1153	This
605670	606796	69	B	0.95553	2	1154	adaptability
606988	607644	69	B	0.9989	3	1155	allows
607692	607904	69	B	1.0	4	1156	for
607942	608192	69	B	1.0	5	1157	the
608246	608924	69	B	0.99937	6	1158	construction
608972	609232	69	B	1.0	7	1159	of
609286	610108	69	B	0.99875	8	1160	complex
610284	610924	69	B	0.99958	9	1161	stateful
610972	611788	69	B	0.99993	10	1162	entities
611964	612304	69	B	0.99991	11	1163	that
612342	612496	69	B	0.99999	12	1164	can
612518	613052	69	B	0.97081	13	1165	evolve
613116	613440	69	B	1.0	14	1166	over
613510	614130	69	B	0.99998	15	1167	time.
614760	615124	70	B	1.0	1	1168	And
615162	615824	70	B	0.99413	2	1169	indeed,
615952	616244	70	B	0.99814	3	1170	it
616282	616656	70	B	0.99999	4	1171	allows
616688	616932	70	B	0.99998	5	1172	for
616986	617492	70	B	0.90886	6	1173	entire
617626	619056	70	B	0.45563	7	1174	ecosystems
619248	619604	70	B	1.0	8	1175	to
619642	620432	70	B	0.99945	9	1176	evolve
620576	620980	70	B	1.0	10	1177	new
621050	621584	70	B	0.99121	11	1178	emergent
621632	622660	70	B	0.81218	12	1179	behaviors.
624040	624404	71	B	0.99998	1	1180	When
624442	624644	71	B	0.99981	2	1181	used
624682	624836	71	B	1.0	3	1182	for
624858	625264	71	B	1.0	4	1183	software
625312	626096	71	B	0.99988	5	1184	engineering,
626208	626532	71	B	0.55412	6	1185	this
626586	626908	71	B	0.99974	7	1186	adds
626944	627192	71	B	1.0	8	1187	a
627246	627732	71	B	0.99991	9	1188	powerful
627796	628264	71	B	1.0	10	1189	tool
628382	628664	71	B	0.93888	11	1190	for
628702	629396	71	B	0.76024	12	1191	managing
629508	630116	71	B	0.55097	13	1192	complex
630228	630884	71	B	0.47278	14	1193	dynamic
630932	631800	71	B	0.97187	15	1194	systems.
632700	633204	72	B	0.7366	1	1195	Active
633252	633828	72	B	0.30284	2	1196	inference,
633924	634184	72	B	1.0	3	1197	of
634222	634664	72	B	0.99995	4	1198	course,
634782	635412	72	B	0.99766	5	1199	embraces
635476	635704	72	B	0.97789	6	1200	this
635742	635896	72	B	1.0	7	1201	to
635918	636056	72	B	1.0	8	1202	the
636078	636920	72	B	0.99889	9	1203	extreme.
638220	638536	73	B	0.99	1	1204	The
638558	638852	73	B	0.99988	2	1205	very
638926	639304	73	B	0.99996	3	1206	essence
639352	639516	73	B	1.0	4	1207	of
639538	640280	73	B	0.94002	5	1208	thingness
640440	640764	73	B	0.75948	6	1209	is
640802	641052	73	B	0.59	7	1210	the
641106	641656	73	B	0.99974	8	1211	ongoing
641688	642136	73	B	0.84436	9	1212	attempt
642168	642364	73	B	1.0	10	1213	to
642402	642936	73	B	0.64878	11	1214	predict
643048	643276	73	B	0.97	12	1215	and
643298	643736	73	B	0.58298	13	1216	adapt
643768	643916	73	B	1.0	14	1217	to
643938	644076	73	B	0.99998	15	1218	an
644098	644872	73	B	0.99664	16	1219	environment
645016	645324	73	B	0.67	17	1220	and
645362	645800	73	B	0.81404	18	1221	thereby
645880	646268	73	B	0.8394	19	1222	continue
646354	646604	73	B	1.0	20	1223	to
646642	647320	73	B	0.74965	21	1224	exist
647480	647804	73	B	1.0	22	1225	to
647842	648440	73	B	0.51531	23	1226	maintain
648520	649176	73	B	0.99118	24	1227	one's
649288	649928	73	B	0.63497	25	1228	Markov
649944	650664	73	B	0.5926	26	1229	blanket
650792	651084	73	B	0.98515	27	1230	in
651122	651336	73	B	1.0	28	1231	a
651378	651964	73	B	0.93541	29	1232	broiling
652012	652828	73	B	0.79281	30	1233	sea
653004	653344	73	B	1.0	31	1234	of
653382	654240	73	B	0.99935	32	1235	activity.
656180	656544	74	B	1.0	1	1236	Along
656582	656736	74	B	0.99998	2	1237	with
656758	656944	74	B	0.99472	3	1238	this
656982	657184	74	B	0.99988	4	1239	also
657222	657760	74	B	0.98678	5	1240	comes
657910	658224	74	B	1.0	6	1241	the
658262	658636	74	B	0.99631	7	1242	concept
658668	658912	74	B	1.0	8	1243	of
658966	659920	74	B	0.99976	9	1244	persistence.
660660	661452	75	B	0.42598	1	1245	Persistence
661516	661964	75	B	0.99994	2	1246	allows
662012	662444	75	B	0.99995	3	1247	actors
662492	662800	75	B	1.0	4	1248	to
662870	663196	75	B	0.73449	5	1249	sade
663228	663472	75	B	0.93303	6	1250	their
663526	663948	75	B	0.99998	7	1251	state
664054	664324	75	B	0.97	8	1252	and
664362	664564	75	B	1.0	9	1253	to
664602	665168	75	B	0.99713	10	1254	restore
665264	665524	75	B	0.9999	11	1255	or
665562	665952	75	B	0.99998	12	1256	modify
666016	666244	75	B	0.99968	13	1257	it
666282	666870	75	B	0.99999	14	1258	later
667880	668244	75	B	1.0	15	1259	a
668282	668640	75	B	0.99867	16	1260	feature
668720	669060	75	B	0.99999	17	1261	that
669130	669744	75	B	0.9993	18	1262	embodies
669792	670004	75	B	0.69	19	1263	the
670042	670384	75	B	0.97276	20	1264	principle
670432	670596	75	B	0.99	21	1265	of
670618	671300	75	B	0.97489	22	1266	memory.
671800	672432	76	B	0.94257	1	1267	Memory
672496	672676	76	B	0.99999	2	1268	is
672698	672884	76	B	0.72	3	1269	a
672922	673792	76	B	0.94925	4	1270	prerequisite
673856	674180	76	B	0.53731	5	1271	for
674250	674676	76	B	0.99999	6	1272	learning
674778	675092	76	B	0.99	7	1273	and
675146	676180	76	B	0.73075	8	1274	adaptation.
676700	677064	77	B	0.99769	1	1275	An
677102	677556	77	B	0.99919	2	1276	agent's
677588	677972	77	B	0.91997	3	1277	ability
678036	678504	77	B	1.0	4	1278	to
678622	679400	77	B	0.98423	5	1279	predict
679900	680468	77	B	0.99991	6	1280	depends
680484	680616	77	B	0.99999	7	1281	on
680638	680824	77	B	0.97926	8	1282	its
680862	681252	77	B	0.94276	9	1283	ability
681316	681640	77	B	1.0	10	1284	to
681710	682136	77	B	0.99997	11	1285	remember
682238	682600	77	B	1.0	12	1286	past
682670	683684	77	B	0.98046	13	1287	experiences
683812	684056	77	B	1.0	14	1288	and
684078	684356	77	B	0.95374	15	1289	thus
684388	684884	77	B	0.99987	16	1290	minimize
684932	685144	77	B	0.97	17	1291	the
685182	686068	77	B	0.99913	18	1292	surprise
686244	686964	77	B	0.87832	19	1293	associated
687012	687176	77	B	1.0	20	1294	with
687198	688360	77	B	0.67233	21	1295	unexpectedness.
688880	689196	78	B	1.0	1	1296	The
689218	689464	78	B	0.9104	2	1297	vital
689512	689768	78	B	0.53997	3	1298	role
689784	689964	78	B	0.59	4	1299	of
690002	690520	78	B	0.99997	5	1300	memory
690600	690844	78	B	0.57024	6	1301	is
690882	691180	78	B	0.99999	7	1302	also
691250	692220	78	B	0.9925	8	1303	emphasized
693200	693516	78	B	1.0	9	1304	when
693538	693724	78	B	0.95228	10	1305	we
693762	694056	78	B	1.0	11	1306	assume
694088	694284	78	B	0.60005	12	1307	that
694322	694716	78	B	0.99971	13	1308	agents
694818	695084	78	B	0.99955	14	1309	have
695122	695736	78	B	0.80266	15	1310	inductive
695768	696200	78	B	0.93021	16	1311	priors,
696280	696572	78	B	0.63531	17	1312	either
696626	696844	78	B	1.0	18	1313	from
696882	697516	78	B	1.0	19	1314	experience
697698	698092	78	B	0.99999	20	1315	or
698146	699100	78	B	0.57939	21	1316	inheritance,
699440	700088	78	B	0.99986	22	1317	contributing
700104	700236	78	B	1.0	23	1318	to
700258	700492	78	B	0.99999	24	1319	their
700546	700812	78	B	0.99998	25	1320	world
700866	701470	78	B	0.99995	26	1321	model.
702340	702704	79	B	0.99979	1	1322	This
702742	702992	79	B	0.99943	2	1323	world
703046	703360	79	B	0.99987	3	1324	model
703430	703712	79	B	0.99996	4	1325	both
703766	704172	79	B	0.81971	5	1326	guides
704236	704464	79	B	1.0	6	1327	their
704502	704800	79	B	0.61253	7	1328	current
704870	705660	79	B	0.92501	8	1329	behavior
705820	706192	79	B	1.0	9	1330	and
706246	706368	79	B	0.99989	10	1331	it
706374	706592	79	B	0.52809	11	1332	is
706646	707292	79	B	0.94407	12	1333	continuously
707356	708044	79	B	0.98725	13	1334	updated
708172	708464	79	B	0.99999	14	1335	based
708502	708704	79	B	0.99999	15	1336	on
708742	708944	79	B	1.0	16	1337	new
708982	710028	79	B	0.80731	17	1338	experiences
710204	710956	79	B	0.99873	18	1339	contributing
710988	711136	79	B	1.0	19	1340	to
711158	711344	79	B	1.0	20	1341	their
711382	712060	79	B	0.71835	21	1342	ongoing
712140	712940	79	B	0.76356	22	1343	adaptation
713020	713312	79	B	0.88	23	1344	and
713366	714240	79	B	0.80751	24	1345	existence.
716600	717108	80	B	0.87	1	1346	Okay,
717194	717492	80	B	0.9999	2	1347	great.
717546	717764	81	B	0.99842	1	1348	You
717802	718388	81	B	0.99687	2	1349	say
718554	718836	81	B	0.99988	3	1350	there
718858	719044	81	B	0.73305	4	1351	are
719082	719380	81	B	0.99997	5	1352	clear
719450	719684	81	B	1.0	6	1353	and
719722	719936	81	B	0.99998	7	1354	deep
719968	720800	81	B	0.84469	8	1355	connections
720960	721332	81	B	0.99999	9	1356	between
721386	721604	81	B	0.97	10	1357	the
721642	721936	81	B	0.97532	11	1358	actor
721968	722308	81	B	0.99995	12	1359	model
722394	722644	81	B	1.0	13	1360	and
722682	723088	81	B	0.97662	14	1361	active
723104	723940	81	B	0.80722	15	1362	inference.
724280	725030	82	B	0.98464	1	1363	But
725800	726176	82	B	1.0	2	1364	how
726218	726424	82	B	0.59458	3	1365	does
726462	726616	82	B	0.99983	4	1366	this
726638	726968	82	B	0.99985	5	1367	help
727054	727496	82	B	1.0	6	1368	us
727598	727816	82	B	0.99185	7	1369	in
727838	727976	82	B	1.0	8	1370	the
727998	728276	82	B	0.79545	9	1371	active
728308	728756	82	B	0.79239	10	1372	inference
728788	729370	82	B	0.99995	11	1373	community?
730620	731224	83	B	0.99113	1	1374	Well,
731342	731988	83	B	0.5462	2	1375	firstly,
732084	732296	83	B	0.99998	3	1376	in
732318	732504	83	B	1.0	4	1377	my
732542	733076	83	B	0.52464	5	1378	opinion,
733188	733416	83	B	0.99976	6	1379	it
733438	733576	83	B	0.99972	7	1380	is
733598	733736	83	B	1.0	8	1381	a
733758	734084	83	B	1.0	9	1382	software
734132	734644	83	B	0.97237	10	1383	engineering
734692	735284	83	B	0.99979	11	1384	paradigm
735332	735496	83	B	0.99999	12	1385	we
735518	735704	83	B	0.99994	13	1386	should
735742	736520	83	B	0.9975	14	1387	embrace.
736860	737176	84	B	0.99	1	1388	And
737198	737384	84	B	0.99998	2	1389	if
737422	737576	84	B	0.99998	3	1390	we
737598	738168	84	B	0.99993	4	1391	do,
738334	738724	84	B	0.99987	5	1392	there
738782	738908	84	B	0.98881	6	1393	are
738914	739036	84	B	1.0	7	1394	of
739058	739340	84	B	0.99816	8	1395	course,
739410	739784	84	B	0.66784	9	1396	actor
739832	740188	84	B	0.9994	10	1397	model
740274	740824	84	B	0.75678	11	1398	libraries
740872	741084	84	B	0.91	12	1399	and
741122	741816	84	B	0.9997	13	1400	frameworks
741848	741996	84	B	0.99992	14	1401	that
742018	742108	84	B	0.99999	15	1402	we
742114	742284	84	B	0.99974	16	1403	can
742322	742908	84	B	0.99998	17	1404	use
743074	743404	84	B	0.99992	18	1405	such
743442	744030	84	B	0.99998	19	1406	as
744400	745448	84	B	0.63094	20	1407	ACA,
745624	746780	84	B	0.63513	21	1408	Orleans,
747120	748300	84	B	0.32556	22	1409	thespian
748800	749752	84	B	0.62584	23	1410	Actix
749896	750824	84	B	0.89772	24	1411	Protoactor
750872	751084	84	B	1.0	25	1412	and
751122	751384	84	B	0.99999	26	1413	many
751442	752144	84	B	0.98	27	1414	more,
752342	752704	84	B	0.99997	28	1415	which
752742	752896	84	B	0.99998	29	1416	we
752918	753056	84	B	0.99999	30	1417	can
753078	753612	84	B	0.98117	31	1418	immediately
753676	754144	84	B	0.99993	32	1419	use
754262	754544	84	B	0.99997	33	1420	when
754582	754976	84	B	0.99993	34	1421	building
755078	755516	84	B	0.93883	35	1422	active
755548	756236	84	B	0.98739	36	1423	inference
756348	756844	84	B	1.0	37	1424	software
756892	757532	84	B	0.80459	38	1425	modules
757596	757872	84	B	0.91	39	1426	and
757926	759120	84	B	0.94126	40	1427	applications.
759860	760176	85	B	0.78994	1	1428	There
760198	760336	85	B	0.95712	2	1429	are
760358	760688	85	B	0.99989	3	1430	also
760774	761596	85	B	0.91471	4	1431	libraries,
761708	762252	85	B	0.9992	5	1432	languages
762316	762544	85	B	0.8	6	1433	and
762582	762832	85	B	0.65424	7	1434	even
762886	763324	85	B	0.9994	8	1435	language
763372	763944	85	B	0.73746	9	1436	features
764012	764196	85	B	0.58117	10	1437	that
764218	764688	85	B	0.99425	11	1438	align
764784	765092	85	B	0.99999	12	1439	very
765146	765364	85	B	0.99997	13	1440	well
765402	765556	85	B	0.99994	14	1441	with
765578	765716	85	B	1.0	15	1442	the
765738	766016	85	B	0.89973	16	1443	actor
766048	766340	85	B	0.99964	17	1444	model
766410	767360	85	B	0.77704	18	1445	principles
767520	767844	85	B	0.99996	19	1446	such
767882	768470	85	B	0.99935	20	1447	as
768920	769380	85	B	0.97	21	1448	Zero,
769450	770180	85	B	0.73219	22	1449	MQ,
770840	771632	85	B	0.98419	23	1450	tokyo
771696	771924	85	B	1.0	24	1451	and
771962	772640	85	B	0.93636	25	1452	Rust,
772800	773888	85	B	0.96192	26	1453	Erlang,
774064	774656	85	B	0.92046	27	1454	Async,
774688	775056	85	B	0.97858	28	1455	Await
775088	775236	85	B	1.0	29	1456	and
775258	775444	85	B	0.99	30	1457	C.
775482	776284	86	B	0.90898	1	1458	Sharp,
776432	776708	86	B	0.99	2	1459	et
776724	777480	86	B	0.57198	3	1460	cetera.
778380	778792	87	B	0.6137	1	1461	But
778846	779064	87	B	1.0	2	1462	more
779102	779640	87	B	0.99999	3	1463	important
779790	780104	87	B	0.99997	4	1464	than
780142	780296	87	B	1.0	5	1465	the
780318	780900	87	B	0.99874	6	1466	tools
780980	781368	87	B	0.99999	7	1467	available
781454	781704	87	B	1.0	8	1468	to
781742	782232	87	B	1.0	9	1469	us
782366	783050	87	B	1.0	10	1470	today
784300	784712	87	B	0.99994	11	1471	is
784766	785128	87	B	1.0	12	1472	the
785214	785652	87	B	0.98	13	1473	software
785716	786136	87	B	1.0	14	1474	design
786238	787060	87	B	0.99745	15	1475	mindset
787140	787336	87	B	0.99998	16	1476	that
787358	787544	87	B	0.99991	17	1477	will
787582	787924	87	B	0.99998	18	1478	guide
787972	788184	87	B	0.99999	19	1479	our
788222	789072	87	B	0.93893	20	1480	creation
789236	789564	87	B	0.99	21	1481	of
789602	789756	87	B	1.0	22	1482	the
789778	790136	87	B	0.77285	23	1483	active
790168	790808	87	B	0.95293	24	1484	inference
790904	791672	87	B	0.76	25	1485	software
791816	792124	87	B	1.0	26	1486	of
792162	792940	87	B	0.99949	27	1487	tomorrow.
793680	793996	88	B	1.0	1	1488	The
794018	794344	88	B	0.79791	2	1489	actor
794392	794796	88	B	0.99994	3	1490	model
794898	795496	88	B	0.99999	4	1491	provides
795528	795724	88	B	1.0	5	1492	a
795762	796472	88	B	0.98026	6	1493	paradigm
796536	796764	88	B	1.0	7	1494	of
796802	797272	88	B	1.0	8	1495	software
797336	797996	88	B	1.0	9	1496	design
798178	798524	88	B	1.0	10	1497	and
798562	799512	88	B	0.90396	11	1498	engineering
799656	799964	88	B	0.99981	12	1499	that
800002	800588	88	B	0.99979	13	1500	is
800754	801192	88	B	1.0	14	1501	the
801266	801504	88	B	0.9954	15	1502	most
801542	801888	88	B	0.99999	16	1503	perfect
801974	802320	88	B	0.9999	17	1504	match
802390	802624	88	B	0.76252	18	1505	that
802662	802864	88	B	0.99995	19	1506	we
802902	803536	88	B	0.99988	20	1507	have
803718	804064	88	B	0.99508	21	1508	for
804102	804476	88	B	0.95417	22	1509	active
804508	805280	88	B	0.68877	23	1510	inference.
806900	807216	89	B	0.99957	1	1511	This
807238	807424	89	B	0.99984	2	1512	is
807462	808160	89	B	0.99984	3	1513	evident
808580	808896	89	B	0.99997	4	1514	not
808918	809104	89	B	0.99292	5	1515	only
809142	809344	89	B	0.99981	6	1516	from
809382	809536	89	B	1.0	7	1517	the
809558	810140	89	B	0.99993	8	1518	alignment
810220	810416	89	B	1.0	9	1519	of
810438	810576	89	B	1.0	10	1520	the
810598	810876	89	B	0.99996	11	1521	core
810908	811660	89	B	0.85716	12	1522	principles
811740	811984	89	B	0.99997	13	1523	we
812022	812572	89	B	0.99958	14	1524	previously
812636	813560	89	B	0.97231	15	1525	discussed,
813740	814084	89	B	0.99741	16	1526	but
814122	814372	89	B	0.99998	17	1527	also
814426	814644	89	B	0.99886	18	1528	from
814682	814836	89	B	1.0	19	1529	the
814858	815792	89	B	0.99698	20	1530	insights
815936	816436	89	B	0.92158	21	1531	that
816538	817056	89	B	0.97907	22	1532	active
817088	817504	89	B	0.99644	23	1533	inference
817552	817716	89	B	0.71153	24	1534	in
817738	817876	89	B	1.0	25	1535	the
817898	818096	89	B	0.74301	26	1536	actor
818128	818516	89	B	0.99994	27	1537	model
818618	818932	89	B	0.99997	28	1538	bring
818986	819156	89	B	1.0	29	1539	to
819178	819364	89	B	1.0	30	1540	each
819402	819990	89	B	0.9999	31	1541	other.
821000	821316	90	B	0.99979	1	1542	For
821338	821956	90	B	0.99997	2	1543	example,
822138	822628	90	B	0.99999	3	1544	consider
822714	822916	90	B	1.0	4	1545	what
822938	823076	90	B	0.99989	5	1546	is
823098	823332	90	B	0.75	6	1547	now
823386	823700	90	B	0.99997	7	1548	called
823770	824256	90	B	0.51133	8	1549	Hewitt's
824288	824870	90	B	0.92059	9	1550	Law.
825880	826604	91	B	0.95154	1	1551	Informally
826672	827124	91	B	0.9982	2	1552	stated
827172	827576	91	B	0.99989	3	1553	as
827678	828328	91	B	0.99999	4	1554	everything
828494	828920	91	B	0.98011	5	1555	is
828990	829800	91	B	0.9592	6	1556	everywhere,
831260	831672	91	B	0.99998	7	1557	this
831726	832280	91	B	0.99989	8	1558	law
832430	833172	91	B	0.99987	9	1559	signifies
833236	833464	91	B	1.0	10	1560	the
833502	834088	91	B	1.0	11	1561	idea
834254	834824	91	B	1.0	12	1562	that
834942	835176	91	B	0.99999	13	1563	in
835198	835384	91	B	1.0	14	1564	a
835422	835940	91	B	0.98043	15	1565	truly
836020	837044	91	B	0.89671	16	1566	asynchronous
837172	837844	91	B	0.99938	17	1567	distributed
837892	838490	91	B	1.0	18	1568	system,
838960	839276	91	B	0.99971	19	1569	it
839298	839436	91	B	1.0	20	1570	can
839458	839596	91	B	0.99999	21	1571	take
839618	839756	91	B	0.99999	22	1572	an
839778	840376	91	B	0.95851	23	1573	arbitrary
840408	840652	91	B	0.87147	24	1574	amount
840706	840924	91	B	1.0	25	1575	of
840962	841452	91	B	0.99999	26	1576	time
841586	841884	91	B	0.99999	27	1577	for
841922	842076	91	B	1.0	28	1578	a
842098	842380	91	B	1.0	29	1579	message
842450	842636	91	B	1.0	30	1580	to
842658	842892	91	B	0.99999	31	1581	go
842946	843212	91	B	1.0	32	1582	from
843266	843532	91	B	0.67	33	1583	one
843586	844092	91	B	0.99988	34	1584	place
844226	844524	91	B	0.64	35	1585	to
844562	845150	91	B	0.66309	36	1586	another,
845760	846220	91	B	0.77	37	1587	and
846290	846524	91	B	1.0	38	1588	any
846562	847032	91	B	0.61706	39	1589	actor
847096	847324	91	B	1.0	40	1590	must
847362	847564	91	B	1.0	41	1591	be
847602	848200	91	B	0.43497	42	1592	prepared
848280	848476	91	B	0.99999	43	1593	for
848498	848684	91	B	0.71865	44	1594	that
848722	849310	91	B	0.99999	45	1595	event.
850000	850364	92	B	1.0	1	1596	There
850402	850556	92	B	0.99954	2	1597	is
850578	851156	92	B	0.98695	3	1598	simply
851288	851632	92	B	0.97521	4	1599	no
851686	851952	92	B	1.0	5	1600	such
852006	852416	92	B	0.99999	6	1601	thing
852518	852880	92	B	0.88192	7	1602	as
852950	853900	92	B	0.64532	8	1603	instantaneous
853980	854224	92	B	0.88595	9	1604	in
854262	854416	92	B	0.99999	10	1605	such
854438	854624	92	B	0.81	11	1606	a
854662	855250	92	B	1.0	12	1607	system,
855780	856192	92	B	0.67	13	1608	and
856246	856512	92	B	0.99959	14	1609	no
856566	857324	92	B	0.99703	15	1610	component
857452	857888	92	B	1.0	16	1611	can
857974	858224	92	B	1.0	17	1612	make
858262	858416	92	B	1.0	18	1613	an
858438	859004	92	B	0.98099	19	1614	assumption
859052	859264	92	B	0.81978	20	1615	about
859302	859456	92	B	0.68	21	1616	the
859478	860092	92	B	0.59914	22	1617	timing
860156	860384	92	B	1.0	23	1618	of
860422	860672	92	B	1.0	24	1619	another
860726	861276	92	B	0.99981	25	1620	component's
861308	862000	92	B	0.62812	26	1621	actions.
862580	862896	93	B	0.99999	1	1622	In
862918	863548	93	B	0.97037	2	1623	fact,
863734	864132	93	B	1.0	3	1624	one
864186	864740	93	B	1.0	4	1625	must
864890	865300	93	B	0.99999	5	1626	act
865370	865556	93	B	1.0	6	1627	as
865578	865860	93	B	0.99981	7	1628	if
865930	866116	93	B	1.0	8	1629	a
866138	866516	93	B	0.63408	9	1630	message
866618	866980	93	B	1.0	10	1631	may
867050	867332	93	B	0.99999	11	1632	never
867386	868260	93	B	0.62764	12	1633	arrive.
869560	869972	94	B	0.99999	1	1634	This
870026	870388	94	B	1.0	2	1635	has
870474	870820	94	B	0.99999	3	1636	important
870890	871860	94	B	0.56012	4	1637	implications.
872760	873076	95	B	0.99996	1	1638	It
873098	873536	95	B	0.60513	2	1639	suggests
873568	874052	95	B	0.65101	3	1640	that
874186	874436	95	B	0.99998	4	1641	it
874458	874644	95	B	0.99991	5	1642	is
874682	875344	95	B	0.69668	6	1643	impossible
875472	875812	95	B	1.0	7	1644	to
875866	876444	95	B	0.99578	8	1645	accurately
876512	876744	95	B	0.75	9	1646	and
876782	877380	95	B	0.99941	10	1647	consistently
877460	878180	95	B	0.72009	11	1648	determine
878260	878456	95	B	1.0	12	1649	the
878478	878760	95	B	0.99789	13	1650	state
878830	879016	95	B	1.0	14	1651	of
879038	879176	95	B	1.0	15	1652	the
879198	879576	95	B	0.99999	16	1653	entire
879678	880330	95	B	0.99996	17	1654	system
881020	881384	95	B	1.0	18	1655	at
881422	881576	95	B	1.0	19	1656	any
881598	881880	95	B	0.82548	20	1657	given
881950	882570	95	B	0.99998	21	1658	time,
883260	883768	95	B	0.99991	22	1659	because
883854	884056	95	B	1.0	23	1660	the
884078	884552	95	B	1.0	24	1661	information
884686	884984	95	B	0.99943	25	1662	just
885022	885224	95	B	1.0	26	1663	may
885262	885464	95	B	0.9999	27	1664	not
885502	885704	95	B	0.99996	28	1665	have
885742	885992	95	B	0.99969	29	1666	even
886046	886932	95	B	0.99967	30	1667	propagated
887076	887480	95	B	0.99997	31	1668	across
887550	887784	95	B	0.99	32	1669	the
887822	888410	95	B	0.99997	33	1670	system.
889760	890124	96	B	0.97	1	1671	And
890162	890748	96	B	0.99973	2	1672	also
890914	891576	96	B	0.72141	3	1673	attempts
891608	891804	96	B	1.0	4	1674	to
891842	892360	96	B	0.99987	5	1675	implement
892440	892904	96	B	0.99981	6	1676	global
892952	893980	96	B	0.80453	7	1677	synchronization
894400	894764	96	B	0.99979	8	1678	will
894802	895400	96	B	0.61738	9	1679	inevitably
895480	896152	96	B	0.72121	10	1680	introduce
896216	897160	96	B	0.95586	11	1681	bottlenecks
897240	897484	96	B	1.0	12	1682	and
897522	897864	96	B	0.96401	13	1683	reduce
897912	898780	96	B	0.53339	14	1684	efficiency.
899920	900616	97	B	0.84013	1	1685	Hewitt's
900648	900940	97	B	0.99856	2	1686	Law
901010	901844	97	B	0.86463	3	1687	emphasizes
901912	902096	97	B	1.0	4	1688	the
902118	902352	97	B	0.99993	5	1689	need
902406	902672	97	B	1.0	6	1690	for
902726	903484	97	B	0.99807	7	1691	systems
903612	903856	97	B	1.0	8	1692	to
903878	904064	97	B	1.0	9	1693	be
904102	904604	97	B	0.99943	10	1694	designed
904652	904816	97	B	1.0	11	1695	in
904838	904976	97	B	1.0	12	1696	a
904998	905568	97	B	0.99999	13	1697	way
905734	906064	97	B	0.80302	14	1698	that
906102	906256	97	B	0.99997	15	1699	they
906278	906416	97	B	0.99997	16	1700	can
906438	906972	97	B	0.55963	17	1701	effectively
907036	907580	97	B	0.99947	18	1702	handle
907660	907904	97	B	0.99998	19	1703	these
907942	908604	97	B	0.98532	20	1704	unavoidable
908652	909244	97	B	0.60965	21	1705	delays
909292	909504	97	B	1.0	22	1706	and
909542	910560	97	B	0.89311	23	1707	uncertainties,
910900	911596	97	B	0.9914	24	1708	highlighting
911628	911776	97	B	1.0	25	1709	the
911798	912156	97	B	0.99998	26	1710	importance
912188	912432	97	B	1.0	27	1711	of
912486	913260	97	B	0.72818	28	1712	robust
913420	914424	97	B	0.3156	29	1713	nonblocking
914492	915152	97	B	0.99987	30	1714	communication
915216	916320	97	B	0.97948	31	1715	mechanisms
916480	916900	97	B	0.86	32	1716	and
916970	917540	97	B	0.99995	33	1717	local
917690	918224	97	B	0.99996	34	1718	decision
918272	918580	97	B	0.85375	35	1719	making
918650	919460	97	B	0.77002	36	1720	abilities.
920200	920564	98	B	0.99981	1	1721	In
920602	921284	98	B	0.94191	2	1722	short,
921482	921952	98	B	0.86107	3	1723	Hector
922016	922340	98	B	0.99686	4	1724	model
922410	922992	98	B	0.99854	5	1725	systems
923056	923332	98	B	0.99996	6	1726	are
923386	923556	98	B	0.99998	7	1727	by
923578	924240	98	B	0.99999	8	1728	nature
924400	926020	98	B	0.94459	9	1729	nondeterministic.
927180	927496	99	B	0.99986	1	1730	Does
927518	927704	99	B	0.97722	2	1731	this
927742	927944	99	B	0.99994	3	1732	sound
927982	928760	99	B	0.76981	4	1733	familiar?
929340	929656	100	B	0.99984	1	1734	What
929678	929912	100	B	0.99987	2	1735	other
929966	930660	100	B	0.8535	3	1736	paradigm
930740	931800	100	B	0.98236	4	1737	highlights
932140	932820	100	B	0.71758	5	1738	operation
932900	933192	100	B	0.99997	6	1739	under
933246	934068	100	B	0.61171	7	1740	uncertainty
934164	934424	100	B	0.74	8	1741	and
934462	934616	100	B	1.0	9	1742	the
934638	935332	100	B	0.85487	10	1743	autonomy
935396	935672	100	B	0.66	11	1744	to
935726	936088	100	B	0.99999	12	1745	continue
936174	936676	100	B	0.8498	13	1746	despite
936708	936904	100	B	1.0	14	1747	the
936942	937720	100	B	0.6941	15	1748	environment?
938940	939476	101	B	0.99654	1	1749	Active
939508	939972	101	B	0.9907	2	1750	Inference
940036	940216	101	B	0.65	3	1751	and
940238	940328	101	B	1.0	4	1752	the
940334	940504	101	B	0.99	5	1753	free
940542	940792	101	B	0.99922	6	1754	energy
940846	941720	101	B	0.9998	7	1755	principle?
942640	943176	102	B	0.9913	1	1756	Active
943208	943768	102	B	0.72416	2	1757	inference
943864	944328	102	B	0.99981	3	1758	reflects
944344	944476	102	B	0.96	4	1759	the
944498	945176	102	B	0.99992	5	1760	reality
945288	945564	102	B	1.0	6	1761	of
945602	945804	102	B	0.97065	7	1762	an
945842	946552	102	B	0.47777	8	1763	unpredictable
946616	947036	102	B	0.99997	9	1764	world
947138	947356	102	B	0.99998	10	1765	in
947378	947564	102	B	0.99998	11	1766	which
947602	947756	102	B	0.99998	12	1767	our
947778	948232	102	B	1.0	13	1768	software
948296	948792	102	B	0.99562	14	1769	systems
948856	949660	102	B	0.81113	15	1770	operate.
950080	950492	103	B	1.0	1	1771	Different
950546	951252	103	B	0.99833	2	1772	outcomes
951336	951584	103	B	1.0	3	1773	may
951622	951920	103	B	1.0	4	1774	result
951990	952176	103	B	0.99968	5	1775	from
952198	952384	103	B	1.0	6	1776	the
952422	952720	103	B	0.99999	7	1777	same
952790	953244	103	B	0.99989	8	1778	initial
953292	954348	103	B	0.99135	9	1779	conditions
954524	954988	103	B	0.51876	10	1780	due
955004	955136	103	B	1.0	11	1781	to
955158	955296	103	B	1.0	12	1782	the
955318	955724	103	B	0.99933	13	1783	occurrence
955772	955984	103	B	1.0	14	1784	of
956022	956620	103	B	0.97937	15	1785	events
956700	956896	103	B	0.99915	16	1786	in
956918	957104	103	B	1.0	17	1787	a
957142	957756	103	B	0.99929	18	1788	random,
957868	958604	103	B	0.81063	19	1789	unpredictable
958652	959250	103	B	0.99997	20	1790	order.
960260	960672	104	B	1.0	1	1791	This
960726	960944	104	B	0.99999	2	1792	is
960982	961136	104	B	1.0	3	1793	the
961158	961644	104	B	0.9987	4	1794	concept
961692	961904	104	B	1.0	5	1795	of
961942	962636	104	B	0.67226	6	1796	surprise
962748	962976	104	B	0.99997	7	1797	that
962998	963136	104	B	1.0	8	1798	we
963158	963344	104	B	0.9999	9	1799	all
963382	963644	104	B	1.0	10	1800	know
963702	964310	104	B	0.58754	11	1801	well,
965000	965316	104	B	0.99865	12	1802	where
965338	965476	104	B	0.99981	13	1803	an
965498	965828	104	B	0.99937	14	1804	agent
965914	966384	104	B	0.99898	15	1805	updates
966432	966692	104	B	0.58738	16	1806	its
966746	967264	104	B	0.89811	17	1807	beliefs
967312	967572	104	B	0.60109	18	1808	about
967626	967796	104	B	1.0	19	1809	the
967818	968484	104	B	0.99999	20	1810	world
968682	969044	104	B	0.99998	21	1811	when
969082	969236	104	B	1.0	22	1812	the
969258	969664	104	B	0.51386	23	1813	sensory
969712	970144	104	B	0.65296	24	1814	input
970192	970404	104	B	0.94628	25	1815	it
970442	971056	104	B	0.99937	26	1816	receives
971168	971444	104	B	0.99989	27	1817	does
971482	971684	104	B	0.99999	28	1818	not
971722	971972	104	B	1.0	29	1819	match
972026	972244	104	B	0.99999	30	1820	its
972282	973060	104	B	0.77499	31	1821	predictions.
973720	974084	105	B	1.0	1	1822	Both
974122	974276	105	B	1.0	2	1823	the
974298	974624	105	B	0.95006	3	1824	actor
974672	975076	105	B	0.99999	4	1825	model
975178	975492	105	B	1.0	5	1826	and
975546	975856	105	B	0.49802	6	1827	active
975888	976540	105	B	0.97978	7	1828	inference
976640	977204	105	B	0.52835	8	1829	acknowledge
977252	977416	105	B	0.99986	9	1830	that
977438	977576	105	B	0.89	10	1831	the
977598	977880	105	B	0.80516	11	1832	world
977950	978328	105	B	0.78284	12	1833	is
978414	979560	105	B	0.67794	13	1834	unpredictable.
980780	981192	106	B	1.0	1	1835	Even
981246	981416	106	B	1.0	2	1836	more
981438	981624	106	B	0.99974	3	1837	than
981662	982116	106	B	0.98953	4	1838	acknowledge
982148	982536	106	B	0.91439	5	1839	it,
982638	982904	106	B	1.0	6	1840	the
982942	983556	106	B	0.96544	7	1841	models
983668	984324	106	B	0.96193	8	1842	accept
984372	984632	106	B	0.6026	9	1843	this
984686	985380	106	B	0.6675	10	1844	uncertainty
985460	985704	106	B	0.56173	11	1845	as
985742	985896	106	B	0.84	12	1846	a
985918	986536	106	B	0.99978	13	1847	given
986718	987016	106	B	1.0	14	1848	and
987038	987272	106	B	0.56025	15	1849	not
987326	987688	106	B	0.98053	16	1850	something
987774	988024	106	B	1.0	17	1851	to
988062	988360	106	B	0.99998	18	1852	be
988430	988884	106	B	0.74017	19	1853	managed
988932	989530	106	B	0.99991	20	1854	away.
990780	991412	107	B	0.99999	1	1855	Indeed,
991476	991656	107	B	0.99998	2	1856	as
991678	991864	107	B	0.79978	3	1857	we
991902	992584	107	B	0.99999	4	1858	know
992782	993096	107	B	0.67161	5	1859	in
993118	993256	107	B	1.0	6	1860	the
993278	993464	107	B	1.0	7	1861	free
993502	993752	107	B	0.99998	8	1862	energy
993806	994352	107	B	0.11733	9	1863	principle,
994436	994684	107	B	0.33	10	1864	the
994722	995624	107	B	0.94401	11	1865	uncertainty
995752	995996	107	B	0.99995	12	1866	that
996018	996204	107	B	0.99999	13	1867	we
996242	996616	107	B	0.99993	14	1868	maintain
996648	996796	107	B	0.99996	15	1869	in
996818	996956	107	B	0.99999	16	1870	our
996978	997464	107	B	0.99995	17	1871	models
997512	997724	107	B	0.99998	18	1872	is
997762	997964	107	B	0.99999	19	1873	what
998002	998156	107	B	0.93989	20	1874	gives
998178	998460	107	B	0.79	21	1875	us
998530	998716	107	B	1.0	22	1876	the
998738	999640	107	B	0.81344	23	1877	flexibility
999800	1000124	107	B	1.0	24	1878	to
1000162	1001020	107	B	0.97109	25	1879	adapt.
1003540	1004412	108	B	0.77621	1	1880	Perhaps
1004556	1004864	108	B	0.92555	2	1881	this
1004902	1005056	108	B	0.9999	3	1882	is
1005078	1005264	108	B	0.9988	4	1883	just
1005302	1005552	108	B	0.99999	5	1884	my
1005606	1006064	108	B	1.0	6	1885	personal
1006182	1006556	108	B	0.98643	7	1886	flight
1006588	1006736	108	B	0.93	8	1887	of
1006758	1007356	108	B	0.99663	9	1888	fancy,
1007468	1007744	108	B	0.77006	10	1889	but
1007782	1007936	108	B	1.0	11	1890	I
1007958	1008284	108	B	0.94158	12	1891	imagine
1008332	1008496	108	B	1.0	13	1892	a
1008518	1008800	108	B	0.99999	14	1893	future
1008870	1009200	108	B	0.51606	15	1894	where
1009270	1009724	108	B	1.0	16	1895	software
1009772	1010492	108	B	0.9999	17	1896	modules
1010556	1010924	108	B	0.99998	18	1897	guided
1010972	1011184	108	B	0.99999	19	1898	by
1011222	1011596	108	B	0.99014	20	1899	active
1011628	1012480	108	B	0.95646	21	1900	inference
1012980	1013344	108	B	0.99998	22	1901	do
1013382	1013692	108	B	0.99987	23	1902	away
1013766	1013956	108	B	0.99415	24	1903	with
1013978	1014164	108	B	1.0	25	1904	hard
1014202	1014656	108	B	0.84691	26	1905	coded
1014688	1014976	108	B	0.99997	27	1906	error
1015008	1015616	108	B	0.99998	28	1907	handling
1015728	1016052	108	B	1.0	29	1908	and
1016106	1016464	108	B	0.99975	30	1909	swap
1016512	1016868	108	B	0.99943	31	1910	in
1016954	1017792	108	B	0.52062	32	1911	probabilistic
1017856	1018228	108	B	0.61445	33	1912	learning
1018314	1019300	108	B	0.34797	34	1913	algorithms
1019640	1020052	108	B	0.65748	35	1914	that
1020106	1020672	108	B	0.62154	36	1915	optimize
1020736	1021300	108	B	0.79786	37	1916	themselves
1021450	1021764	108	B	0.99999	38	1917	as
1021802	1021956	108	B	1.0	39	1918	the
1021978	1022384	108	B	0.56711	40	1919	error
1022432	1023200	108	B	0.98644	41	1920	landscape
1023280	1024100	108	B	0.59855	42	1921	evolves.
1025320	1026016	109	B	0.99573	1	1922	Modules
1026048	1026256	109	B	0.99907	2	1923	that
1026298	1026552	109	B	0.96198	3	1924	are
1026606	1027316	109	B	0.99327	4	1925	robust
1027428	1027944	109	B	0.74	5	1926	and
1028062	1028392	109	B	0.99998	6	1927	self
1028446	1029320	109	B	0.95565	7	1928	healing
1029660	1030484	109	B	0.60837	8	1929	distributed
1030532	1031268	109	B	0.9981	9	1930	systems
1031364	1031624	109	B	0.91999	10	1931	with
1031662	1031912	109	B	0.99977	11	1932	no
1031966	1032232	109	B	0.9998	12	1933	single
1032286	1032552	109	B	0.9983	13	1934	points
1032606	1032776	109	B	1.0	14	1935	of
1032798	1033300	109	B	0.9824	15	1936	failure
1033380	1033672	109	B	0.99951	16	1937	that
1033726	1034088	109	B	1.0	17	1938	focus
1034174	1034808	109	B	1.0	18	1939	on
1034974	1035636	109	B	0.53888	19	1940	predictive
1035668	1036484	109	B	0.99004	20	1941	disaster
1036612	1037716	109	B	0.96456	21	1942	avoidance
1037908	1038360	109	B	1.0	22	1943	rather
1038430	1039012	109	B	1.0	23	1944	than
1039166	1040008	109	B	0.9707	24	1945	reactive
1040104	1040664	109	B	0.99977	25	1946	disaster
1040712	1041660	109	B	0.99748	26	1947	recovery.
1043040	1043452	110	B	0.99995	1	1948	Looking
1043506	1043820	110	B	0.9998	2	1949	towards
1043890	1044076	110	B	1.0	3	1950	the
1044098	1044524	110	B	0.99999	4	1951	future,
1044642	1044924	110	B	0.68501	5	1952	we
1044962	1045164	110	B	0.99447	6	1953	as
1045202	1045308	110	B	1.0	7	1954	a
1045314	1045916	110	B	0.99996	8	1955	community
1046098	1046396	110	B	0.99995	9	1956	have
1046418	1046556	110	B	0.95	10	1957	the
1046578	1047032	110	B	0.9889	11	1958	potential
1047096	1047420	110	B	1.0	12	1959	to
1047490	1047816	110	B	0.54534	13	1960	push
1047848	1048044	110	B	0.99	14	1961	the
1048082	1048860	110	B	0.99958	15	1962	boundary
1049280	1049644	110	B	1.0	16	1963	of
1049682	1049980	110	B	1.0	17	1964	both
1050050	1050408	110	B	0.99823	18	1965	active
1050424	1050936	110	B	0.03408	19	1966	imprints
1050968	1051700	110	B	0.99845	20	1967	theory
1051880	1052416	110	B	1.0	21	1968	and
1052518	1053196	110	B	0.7712	22	1969	practical
1053308	1054220	110	B	0.84877	23	1970	implementations
1054300	1054448	110	B	1.0	24	1971	of
1054454	1054576	110	B	1.0	25	1972	the
1054598	1054924	110	B	0.75765	26	1973	actor
1054972	1055570	110	B	0.99992	27	1974	model.
1056020	1056384	111	B	0.99992	1	1975	By
1056422	1056876	111	B	0.9635	2	1976	leveraging
1056908	1057056	111	B	1.0	3	1977	the
1057078	1057612	111	B	0.82643	4	1978	strengths
1057676	1057856	111	B	1.0	5	1979	of
1057878	1058064	111	B	0.51324	6	1980	these
1058102	1058304	111	B	1.0	7	1981	two
1058342	1058972	111	B	0.76641	8	1982	paradigms
1059036	1059552	111	B	0.99999	9	1983	together,
1059686	1059936	111	B	0.99999	10	1984	we
1059958	1060096	111	B	0.99982	11	1985	can
1060118	1060400	111	B	0.99996	12	1986	create
1060470	1060844	111	B	1.0	13	1987	software
1060892	1061356	111	B	0.99939	14	1988	systems
1061388	1061536	111	B	0.99988	15	1989	that
1061558	1061936	111	B	0.99941	16	1990	are
1062038	1062860	111	B	0.98121	17	1991	robust,
1063020	1064024	111	B	0.93822	18	1992	adaptive
1064172	1064484	111	B	0.98	19	1993	and
1064522	1064724	111	B	1.0	20	1994	more
1064762	1065408	111	B	0.83616	21	1995	aligned
1065504	1065716	111	B	1.0	22	1996	to
1065738	1065876	111	B	1.0	23	1997	the
1065898	1066352	111	B	0.99998	24	1998	physical
1066416	1066980	111	B	0.99999	25	1999	world
1067130	1067444	111	B	0.99987	26	2000	in
1067482	1067636	111	B	0.99998	27	2001	which
1067658	1067892	111	B	0.54473	28	2002	they
1067946	1068500	111	B	0.99942	29	2003	actually
1068650	1069620	111	B	0.99948	30	2004	operate.
1071080	1071664	112	B	0.99992	1	2005	Imagine
1071712	1071828	112	B	0.89	2	2006	a
1071834	1072100	112	B	1.0	3	2007	future
1072170	1072596	112	B	0.99997	4	2008	where
1072698	1073184	112	B	1.0	5	2009	software
1073232	1074000	112	B	0.26598	6	2010	components
1074080	1074468	112	B	0.97843	7	2011	using
1074554	1074976	112	B	0.98986	8	2012	active
1075008	1075456	112	B	0.9979	9	2013	inference
1075488	1075636	112	B	0.91339	10	2014	in
1075658	1075748	112	B	1.0	11	2015	the
1075754	1076096	112	B	0.87202	12	2016	actor
1076128	1076624	112	B	0.99994	13	2017	model
1076762	1077112	112	B	0.50275	14	2018	can
1077166	1077860	112	B	0.99987	15	2019	anticipate
1077940	1078452	112	B	0.99999	16	2020	potential
1078516	1079224	112	B	0.99998	17	2021	issues,
1079422	1079976	112	B	0.99997	18	2022	learn
1080078	1080344	112	B	0.99999	19	2023	from
1080382	1080680	112	B	0.85	20	2024	past
1080750	1081652	112	B	0.99257	21	2025	mistakes,
1081796	1082152	112	B	0.54	22	2026	and
1082206	1082820	112	B	0.97777	23	2027	adapt
1082900	1083144	112	B	0.99965	24	2028	in
1083182	1083432	112	B	1.0	25	2029	real
1083486	1083752	112	B	0.99995	26	2030	time
1083806	1084024	112	B	1.0	27	2031	to
1084062	1084724	112	B	0.99418	28	2032	environmental
1084772	1085370	112	B	0.9998	29	2033	changes.
1086620	1086936	113	B	0.99997	1	2034	With
1086958	1087144	113	B	0.99999	2	2035	this
1087182	1087524	113	B	0.99663	3	2036	approach,
1087572	1087784	113	B	0.83506	4	2037	we
1087822	1087976	113	B	0.99999	5	2038	can
1087998	1088232	113	B	0.99993	6	2039	build
1088286	1088768	113	B	0.99991	7	2040	systems
1088804	1088956	113	B	0.99885	8	2041	that
1088978	1089212	113	B	0.9998	9	2042	are
1089266	1089944	113	B	0.70149	10	2043	fundamentally
1089992	1090204	113	B	1.0	11	2044	more
1090242	1091160	113	B	0.95072	12	2045	resilient
1091320	1091740	113	B	0.62	13	2046	and
1091810	1091996	113	B	1.0	14	2047	more
1092018	1092780	113	B	0.77327	15	2048	efficient.
1093360	1093724	114	B	0.99998	1	2049	In
1093762	1093916	114	B	1.0	2	2050	my
1093938	1094392	114	B	0.94759	3	2051	opinion,
1094456	1094684	114	B	0.99997	4	2052	this
1094722	1094876	114	B	0.7976	5	2053	can
1094898	1095084	114	B	0.99999	6	2054	bring
1095122	1095276	114	B	1.0	7	2055	a
1095298	1095532	114	B	0.99972	8	2056	step
1095586	1095996	114	B	0.95554	9	2057	change
1096098	1096412	114	B	0.90343	10	2058	in
1096466	1096872	114	B	0.99	11	2059	software
1096936	1097784	114	B	0.90576	12	2060	reliability
1097912	1098252	114	B	1.0	13	2061	and
1098306	1098968	114	B	0.99986	14	2062	performance
1099064	1099324	114	B	1.0	15	2063	and
1099362	1100220	114	B	0.87583	16	2064	scalability,
1100640	1101052	114	B	0.8	17	2065	and
1101106	1101716	114	B	0.52708	18	2066	heralds
1101768	1101936	114	B	0.99	19	2067	a
1101958	1102144	114	B	1.0	20	2068	new
1102182	1102428	114	B	0.91384	21	2069	era
1102444	1102624	114	B	0.76	22	2070	of
1102662	1103436	114	B	0.99988	23	2071	computing,
1103548	1104044	114	B	0.99949	24	2072	weaving
1104092	1104636	114	B	0.96898	25	2073	principles
1104668	1104912	114	B	1.0	26	2074	of
1104966	1105516	114	B	0.99906	27	2075	biology
1105628	1105904	114	B	1.0	28	2076	and
1105942	1106780	114	B	0.74854	29	2077	cognition
1106940	1107264	114	B	0.99987	30	2078	into
1107302	1107504	114	B	1.0	31	2079	the
1107542	1108060	114	B	0.7316	32	2080	fabric
1108140	1108384	114	B	0.68	33	2081	of
1108422	1108624	114	B	0.99998	34	2082	our
1108662	1109132	114	B	1.0	35	2083	software
1109196	1110060	114	B	0.98626	36	2084	systems,
1110220	1110668	114	B	0.99991	37	2085	bringing
1110684	1110864	114	B	0.98791	38	2086	them
1110902	1111196	114	B	0.75968	39	2087	closer
1111228	1111424	114	B	0.98	40	2088	to
1111462	1111904	114	B	0.99996	41	2089	life
1112022	1112256	114	B	0.99916	42	2090	in
1112278	1112416	114	B	1.0	43	2091	the
1112438	1113010	114	B	0.99938	44	2092	process.
1115080	1115444	115	B	0.92689	1	2093	In
1115482	1116420	115	B	0.95794	2	2094	conclusion,
1117160	1117476	115	B	1.0	3	2095	the
1117498	1117984	115	B	0.99902	4	2096	coupling
1118032	1118388	115	B	1.0	5	2097	of
1118474	1118896	115	B	0.96268	6	2098	active
1118928	1119296	115	B	0.99582	7	2099	inference
1119328	1119476	115	B	1.0	8	2100	to
1119498	1119636	115	B	1.0	9	2101	the
1119658	1120256	115	B	0.79376	10	2102	actor
1120368	1120884	115	B	0.99997	11	2103	model
1121002	1121632	115	B	0.99905	12	2104	provides
1121696	1121972	115	B	1.0	13	2105	a
1122026	1122544	115	B	0.50205	14	2106	powerful
1122592	1122804	115	B	1.0	15	2107	new
1122842	1123408	115	B	0.99936	16	2108	lens
1123504	1123764	115	B	0.99995	17	2109	through
1123802	1123956	115	B	1.0	18	2110	which
1123978	1124116	115	B	0.99999	19	2111	we
1124138	1124228	115	B	0.99997	20	2112	can
1124234	1124356	115	B	0.99999	21	2113	look
1124378	1124564	115	B	0.8	22	2114	at
1124602	1125024	115	B	1.0	23	2115	software
1125072	1125476	115	B	0.99996	24	2116	design
1125578	1125844	115	B	1.0	25	2117	and
1125882	1126820	115	B	0.97706	26	2118	engineering.
1127180	1127592	116	B	0.99998	1	2119	Whether
1127646	1127816	116	B	1.0	2	2120	we
1127838	1128356	116	B	0.99997	3	2121	leverage
1128468	1128996	116	B	0.99978	4	2122	existing
1129028	1129412	116	B	0.89203	5	2123	languages
1129476	1129704	116	B	1.0	6	2124	and
1129742	1130340	116	B	0.99006	7	2125	libraries
1130420	1130916	116	B	0.99224	8	2126	aligned
1130948	1131096	116	B	0.99999	9	2127	with
1131118	1131476	116	B	0.98552	10	2128	active
1131508	1132280	116	B	0.99429	11	2129	inference
1132700	1133304	116	B	0.99969	12	2130	or
1133422	1133844	116	B	0.51504	13	2131	invent
1133892	1134104	116	B	1.0	14	2132	new
1134142	1134728	116	B	1.0	15	2133	ones,
1134894	1135176	116	B	0.99995	16	2134	we
1135198	1135384	116	B	0.99182	17	2135	are
1135422	1135844	116	B	0.99993	18	2136	standing
1135892	1136056	116	B	0.99998	19	2137	on
1136078	1136216	116	B	1.0	20	2138	the
1136238	1136564	116	B	0.85128	21	2139	brink
1136612	1137210	116	B	0.84	22	2140	of
1137740	1138056	116	B	0.99991	23	2141	an
1138078	1138484	116	B	0.99982	24	2142	exciting
1138532	1139400	116	B	0.99995	25	2143	frontier.
1140480	1141084	117	B	0.98709	1	2144	So
1141202	1141544	117	B	0.55481	2	2145	let's
1141592	1141944	117	B	0.99808	3	2146	seize
1141992	1142156	117	B	0.97	4	2147	the
1142178	1142844	117	B	0.99939	5	2148	day,
1143042	1143356	117	B	0.99993	6	2149	have
1143378	1143516	117	B	0.68	7	2150	a
1143538	1143868	117	B	0.99998	8	2151	look
1143954	1144204	117	B	0.99	9	2152	at
1144242	1144396	117	B	1.0	10	2153	the
1144418	1144696	117	B	0.85886	11	2154	actor
1144728	1145068	117	B	0.99993	12	2155	model
1145154	1145356	117	B	1.0	13	2156	and
1145378	1145564	117	B	0.99924	14	2157	its
1145602	1145996	117	B	0.99985	15	2158	relationship
1146098	1146364	117	B	1.0	16	2159	to
1146402	1146776	117	B	0.93416	17	2160	active
1146808	1147512	117	B	0.73492	18	2161	inference,
1147656	1147964	117	B	1.0	19	2162	and
1148002	1148216	117	B	0.99956	20	2163	let's
1148248	1148536	117	B	0.52124	21	2164	shape
1148568	1148716	117	B	1.0	22	2165	the
1148738	1149116	117	B	1.0	23	2166	future
1149218	1149484	117	B	1.0	24	2167	of
1149522	1150248	117	B	0.99657	25	2168	intelligent
1150344	1150984	117	B	0.48447	26	2169	distributed
1151032	1151980	117	B	0.99991	27	2170	computing.
1153040	1153404	118	B	0.99979	1	2171	Thank
1153442	1153548	118	B	0.99995	2	2172	you
1153554	1153724	118	B	0.55935	3	2173	for
1153762	1154460	118	B	0.93614	4	2174	listening.
1157790	1158540	119	A	0.99845	1	2175	Awesome.
1159950	1160362	120	A	0.99994	1	2176	Great
1160416	1160682	120	A	0.99992	2	2177	talk
1160736	1161050	120	A	0.51361	3	2178	by
1161120	1161734	120	A	0.8128	4	2179	Keith.
1161862	1162106	121	A	0.99984	1	2180	Thank
1162128	1162314	121	A	0.99997	2	2181	you,
1162352	1162614	121	A	0.99479	3	2182	Keith,
1162662	1162826	121	A	0.99989	4	2183	for
1162848	1163126	121	A	0.99997	5	2184	sending
1163158	1163354	121	A	0.99992	6	2185	that
1163392	1163978	121	A	0.99893	7	2186	in.
1164144	1164426	122	A	0.99723	1	2187	There
1164448	1164634	122	A	0.92044	2	2188	were
1164672	1164922	122	A	0.99704	3	2189	some
1164976	1165502	122	A	0.36711	4	2190	comments
1165606	1165826	122	A	0.86103	5	2191	in
1165848	1165986	122	A	1.0	6	2192	the
1166008	1166690	122	A	0.99952	7	2193	chat.
1167030	1167490	123	A	0.99736	1	2194	So,
1167560	1168030	123	A	0.93951	2	2195	Keith,
1168110	1168494	123	A	0.99963	3	2196	potentially
1168542	1168706	123	A	0.99996	4	2197	if
1168728	1168866	123	A	0.99996	5	2198	you
1168888	1168978	123	A	0.98662	6	2199	want
1168984	1169106	123	A	1.0	7	2200	to
1169128	1169326	123	A	0.99992	8	2201	join
1169358	1169506	123	A	0.99998	9	2202	for
1169528	1170386	123	A	1.0	10	2203	A-Q-A
1170488	1170754	123	A	0.9981	11	2204	some
1170792	1171090	123	A	0.9999	12	2205	future
1171160	1171780	123	A	0.99979	13	2206	time,
1172230	1172642	123	A	0.99939	14	2207	but
1172696	1172962	123	A	0.99986	15	2208	really
1173016	1173378	123	A	0.9999	16	2209	cool
1173464	1173950	123	A	0.99853	17	2210	presentation.
