start	end	relevance	label
7210	40662	0.024299029260873795	Technology&Computing>Computing>DataStorageAndWarehousing
7210	40662	0.008060252293944359	Technology&Computing>Computing>ComputerSoftwareAndApplications>Databases
7210	40662	0.0024909202475100756	Technology&Computing>Computing>ProgrammingLanguages
7210	40662	0.00219810102134943	Technology&Computing>Computing>Internet>CloudComputing
7210	40662	0.0016809961525723338	Technology&Computing>ArtificialIntelligence
7210	40662	0.0012937450082972646	Technology&Computing>Computing
7210	40662	0.0007697600522078574	Technology&Computing>Computing>ComputerSoftwareAndApplications>3-DGraphics
7210	40662	0.0005445884307846427	VideoGaming>VideoGameGenres>SimulationVideoGames
7210	40662	0.00048592156963422894	Technology&Computing>Robotics
7210	40662	0.000360663776518777	Technology&Computing>Computing>Internet>Search
40796	66194	0.41474756598472595	Technology&Computing>Computing
40796	66194	0.3826708197593689	Technology&Computing>ArtificialIntelligence
40796	66194	0.024645494297146797	Science>Physics
40796	66194	0.006399326492100954	Technology&Computing>Computing>ProgrammingLanguages
40796	66194	0.005726431030780077	Technology&Computing
40796	66194	0.0036744794342666864	Science
40796	66194	0.0030331683810800314	Technology&Computing>Robotics
40796	66194	0.002026432193815708	Technology&Computing>Computing>ComputerSoftwareAndApplications>OperatingSystems
40796	66194	0.0018127432558685541	Science>Chemistry
40796	66194	0.0008618359570391476	BusinessAndFinance>Business>BusinessI.T.
66232	99366	0.04243319109082222	Science
66232	99366	0.013956701382994652	Science>Physics
66232	99366	0.0023098522797226906	Technology&Computing>ArtificialIntelligence
66232	99366	0.0011496603256091475	Science>SpaceAndAstronomy
66232	99366	0.0009846461471170187	Religion&Spirituality>Astrology
66232	99366	0.0008255296852439642	Science>Genetics
66232	99366	0.0007082437514327466	Science>Chemistry
66232	99366	0.0006940008024685085	Hobbies&Interests>ParanormalPhenomena
66232	99366	0.00036286827526055276	BusinessAndFinance>Economy>Commodities
66232	99366	0.0002723812067415565	VideoGaming>VideoGameGenres>SimulationVideoGames
99478	126178	0.1582430899143219	Technology&Computing>ArtificialIntelligence
99478	126178	0.014648477546870708	Technology&Computing>Robotics
99478	126178	0.007337948307394981	Technology&Computing>Computing
99478	126178	0.0020219963043928146	VideoGaming>VideoGameGenres>SimulationVideoGames
99478	126178	0.0008145153406076133	Technology&Computing>Computing>Internet>InternetOfThings
99478	126178	0.0006232950836420059	Technology&Computing>Computing>ProgrammingLanguages
99478	126178	0.0005290484405122697	Science>BiologicalSciences
99478	126178	0.0005146160256117582	Hobbies&Interests>GamesAndPuzzles
99478	126178	0.0004758319118991494	BusinessAndFinance>Industries>BiotechAndBiomedicalIndustry
99478	126178	0.0004685765306930989	Science
126344	161018	0.18484808504581451	Science>Physics
126344	161018	0.01797335408627987	Science>SpaceAndAstronomy
126344	161018	0.0016438278835266829	Science
126344	161018	0.00047604579594917595	Hobbies&Interests>ParanormalPhenomena
126344	161018	0.00043283088598400354	Technology&Computing>VirtualReality
126344	161018	0.00029311535763554275	Hobbies&Interests>Sci-fiAndFantasy
126344	161018	0.00027225245139561594	Religion&Spirituality>Astrology
126344	161018	0.0002589727519080043	Technology&Computing>ArtificialIntelligence
126344	161018	0.00025021229521371424	MedicalHealth>DiseasesAndConditions>ReproductiveHealth>Pregnancy
126344	161018	0.0002105043677147478	Technology&Computing>Computing>ComputerSoftwareAndApplications>3-DGraphics
161114	188034	0.18503102660179138	Technology&Computing>ArtificialIntelligence
161114	188034	0.0025120035279542208	Religion&Spirituality>Spirituality
161114	188034	0.0010611992329359055	PersonalFinance>PersonalInvesting
161114	188034	0.0010502187069505453	EventsAndAttractions>PoliticalEvent
161114	188034	0.0009530684910714626	VideoGaming>VideoGameGenres>SimulationVideoGames
161114	188034	0.0008224803605116904	Technology&Computing>Robotics
161114	188034	0.000818976724985987	NewsAndPolitics>Politics>PoliticalIssues
161114	188034	0.0007581569370813668	Technology&Computing
161114	188034	0.0007115526823326945	Science
161114	188034	0.0005688694654963911	Technology&Computing>Computing>Internet>InternetOfThings
188082	211662	0.0925411507487297	Science>Physics
188082	211662	0.014248254708945751	Technology&Computing>ArtificialIntelligence
188082	211662	0.005952287930995226	Science>Chemistry
188082	211662	0.0032452880404889584	Technology&Computing>Computing
188082	211662	0.002785700373351574	Technology&Computing>Robotics
188082	211662	0.00043016282143071294	Technology&Computing>Computing>ProgrammingLanguages
188082	211662	0.00037130029522813857	Technology&Computing
188082	211662	0.0002803009992931038	VideoGaming>VideoGameGenres>SimulationVideoGames
188082	211662	0.0002789905993267894	Science
188082	211662	0.0001652856299187988	Technology&Computing>Computing>ComputerSoftwareAndApplications>3-DGraphics
211796	241446	0.444375604391098	Science>Physics
211796	241446	0.06486544013023376	Science
211796	241446	0.0022284926380962133	Science>Chemistry
211796	241446	0.0011033087503165007	Technology&Computing>ArtificialIntelligence
211796	241446	0.0008584571769461036	Science>SpaceAndAstronomy
211796	241446	0.0003126799128949642	Religion&Spirituality>Agnosticism
211796	241446	0.0002934044459834695	PersonalFinance>PersonalInvesting
211796	241446	0.00028131838189437985	BusinessAndFinance>Economy>Commodities
211796	241446	0.0002684344653971493	VideoGaming>VideoGameGenres>SimulationVideoGames
211796	241446	0.00021527142962440848	PersonalFinance>PersonalInvesting>StocksAndBonds
241638	273700	0.0981307253241539	VideoGaming>VideoGameGenres>SimulationVideoGames
241638	273700	0.0077178943902254105	BusinessAndFinance>Business>BusinessOperations
241638	273700	0.0066331494599580765	Technology&Computing>ArtificialIntelligence
241638	273700	0.00436741765588522	VideoGaming>VideoGameGenres>StrategyVideoGames
241638	273700	0.003709077835083008	Technology&Computing>Robotics
241638	273700	0.0035028725396841764	BusinessAndFinance>Business>Logistics
241638	273700	0.0025860783644020557	Hobbies&Interests>GamesAndPuzzles
241638	273700	0.002178027294576168	Technology&Computing>Computing>Internet>InternetOfThings
241638	273700	0.002121269702911377	Hobbies&Interests>GamesAndPuzzles>RoleplayingGames
241638	273700	0.0017668541986495256	BusinessAndFinance>Business>Sales
274070	308414	0.06157659366726875	BusinessAndFinance>Industries>PowerAndEnergyIndustry
274070	308414	0.0019978047348558903	Automotive>AutoType>GreenVehicles
274070	308414	0.001888811239041388	BusinessAndFinance>Economy>InterestRates
274070	308414	0.0014299319591373205	PersonalFinance>HomeUtilities>GasAndElectric
274070	308414	0.0008097412646748126	BusinessAndFinance>Business>GreenSolutions
274070	308414	0.0005930900224484503	Automotive>AutoParts
274070	308414	0.00035173355718143284	BusinessAndFinance>Economy>GasolinePrices
274070	308414	0.00030624395003542304	NewsAndPolitics>Weather
274070	308414	0.00030590692767873406	Home&Garden>IndoorEnvironmentalQuality
274070	308414	0.00030070808134041727	BusinessAndFinance>Business>BusinessUtilities
308452	342422	0.07176456600427628	EventsAndAttractions>PoliticalEvent
308452	342422	0.01952533610165119	NewsAndPolitics>Politics>PoliticalIssues
308452	342422	0.010447683744132519	BusinessAndFinance>Economy>InterestRates
308452	342422	0.006318815052509308	PersonalFinance>PersonalInvesting
308452	342422	0.00575383473187685	NewsAndPolitics>Politics
308452	342422	0.0031794370152056217	NewsAndPolitics>Politics>Elections
308452	342422	0.003099907422438264	BusinessAndFinance>Economy>GasolinePrices
308452	342422	0.00280775036662817	VideoGaming>VideoGameGenres>SimulationVideoGames
308452	342422	0.001883899443782866	NewsAndPolitics>Politics>WarAndConflicts
308452	342422	0.0018649323610588908	PersonalFinance>PersonalInvesting>Options
342486	377874	0.2787439227104187	BusinessAndFinance>Industries>PowerAndEnergyIndustry
342486	377874	0.11045585572719574	PersonalFinance>HomeUtilities>GasAndElectric
342486	377874	0.031250961124897	BusinessAndFinance>Business>BusinessUtilities
342486	377874	0.01615714840590954	BusinessAndFinance>Economy>GasolinePrices
342486	377874	0.010061982087790966	PersonalFinance>HomeUtilities
342486	377874	0.007659127004444599	BusinessAndFinance>Economy>InterestRates
342486	377874	0.0024499495048075914	BusinessAndFinance>Business>GreenSolutions
342486	377874	0.001551473280414939	PersonalFinance>RetirementPlanning
342486	377874	0.0014753795694559813	Automotive>AutoType>GreenVehicles
342486	377874	0.000925385276786983	PersonalFinance>PersonalInvesting
378002	410990	0.0025172673631459475	Technology&Computing>ArtificialIntelligence
378002	410990	0.002186299068853259	VideoGaming>VideoGameGenres>SimulationVideoGames
378002	410990	0.0017049919115379453	Technology&Computing>Computing>DataStorageAndWarehousing
378002	410990	0.0016832894179970026	Technology&Computing>Computing>ProgrammingLanguages
378002	410990	0.0014204801991581917	Technology&Computing>Computing>ComputerSoftwareAndApplications>Databases
378002	410990	0.0010910548735409975	Technology&Computing>Computing
378002	410990	0.0006499713053926826	Science>Physics
378002	410990	0.0006398420664481819	Technology&Computing>Robotics
378002	410990	0.0004395084688439965	Technology&Computing>Computing>ComputerSoftwareAndApplications>3-DGraphics
378002	410990	0.00040635516052134335	Technology&Computing>Computing>ComputerSoftwareAndApplications>OperatingSystems
411140	428146	0.03989064693450928	Technology&Computing>ArtificialIntelligence
411140	428146	0.006195147521793842	Technology&Computing>Computing>InformationAndNetworkSecurity
411140	428146	0.0054616439156234264	EventsAndAttractions>PoliticalEvent
411140	428146	0.004021824803203344	NewsAndPolitics>Law
411140	428146	0.002493185456842184	BusinessAndFinance>Business>ExecutiveLeadership&Management
411140	428146	0.0019692322239279747	VideoGaming>VideoGameGenres>SimulationVideoGames
411140	428146	0.001818917808122933	Technology&Computing>Computing>Internet>InternetOfThings
411140	428146	0.0017431247979402542	Technology&Computing>Computing>Internet>CloudComputing
411140	428146	0.00119600014295429	Hobbies&Interests>GamesAndPuzzles>RoleplayingGames
411140	428146	0.0010758102871477604	VideoGaming>VideoGameGenres>StrategyVideoGames
428338	459290	0.5041061043739319	Science>SpaceAndAstronomy
428338	459290	0.0070603578351438046	NewsAndPolitics>Weather
428338	459290	0.006283331196755171	Science>Physics
428338	459290	0.001492601353675127	Science>Chemistry
428338	459290	0.0007765819318592548	Science
428338	459290	0.00031520932679995894	Pets>Birds
428338	459290	0.0002085622982122004	Technology&Computing>Robotics
428338	459290	0.0001697789557510987	Technology&Computing>Computing>ComputerSoftwareAndApplications>3-DGraphics
428338	459290	0.00016622808470856398	Religion&Spirituality>Astrology
428338	459290	0.00012855546083301306	Technology&Computing>Computing>ComputerNetworking
459450	489086	0.010335450991988182	Technology&Computing>Computing>ProgrammingLanguages
459450	489086	0.005011287517845631	Technology&Computing>Computing>ComputerSoftwareAndApplications>Databases
459450	489086	0.003091084770858288	Technology&Computing>Computing>DataStorageAndWarehousing
459450	489086	0.0021446426399052143	Technology&Computing>Computing>ComputerSoftwareAndApplications>OperatingSystems
459450	489086	0.001482353312894702	Technology&Computing>ArtificialIntelligence
459450	489086	0.001382898073643446	Technology&Computing>Computing
459450	489086	0.0013769514625892043	VideoGaming>VideoGameGenres>SimulationVideoGames
459450	489086	0.0012799625983461738	BusinessAndFinance>Economy>InterestRates
459450	489086	0.000475243927212432	Technology&Computing>Robotics
459450	489086	0.0003928742080461234	Technology&Computing>Computing>Internet>CloudComputing
489218	517246	0.005772896111011505	Technology&Computing>ArtificialIntelligence
489218	517246	0.003757523139938712	Technology&Computing>Computing>ProgrammingLanguages
489218	517246	0.0011250521056354046	Technology&Computing>Computing
489218	517246	0.0009158126194961369	Science>Physics
489218	517246	0.000491294835228473	Science
489218	517246	0.00036478927358984947	Technology&Computing>Computing>DataStorageAndWarehousing
489218	517246	0.00031444214982911944	Technology&Computing>Computing>ComputerSoftwareAndApplications>Databases
489218	517246	0.00030709593556821346	Technology&Computing>Computing>ComputerSoftwareAndApplications>OperatingSystems
489218	517246	0.0003023472672794014	Technology&Computing>Robotics
489218	517246	0.0002578251878730953	VideoGaming>VideoGameGenres>SimulationVideoGames
517358	553050	0.01258509699255228	PersonalFinance>PersonalInvesting
517358	553050	0.004845473915338516	PersonalFinance>PersonalInvesting>Options
517358	553050	0.004044593311846256	Science>Physics
517358	553050	0.00392453046515584	BusinessAndFinance>Economy>InterestRates
517358	553050	0.0015576458536088467	PersonalFinance>PersonalInvesting>StocksAndBonds
517358	553050	0.0009266394772566855	BusinessAndFinance>Economy>Commodities
517358	553050	0.0008450348395854235	VideoGaming>VideoGameGenres>SimulationVideoGames
517358	553050	0.0007975646876730025	PersonalFinance>PersonalInvesting>HedgeFunds
517358	553050	0.0007808718364685774	Science
517358	553050	0.0005862950347363949	Science>SpaceAndAstronomy
553210	588434	0.05694883316755295	Technology&Computing>Computing>Internet>Search
553210	588434	0.003066021716222167	Technology&Computing>Computing>ComputerSoftwareAndApplications>Databases
553210	588434	0.0012479305732995272	Technology&Computing>Computing>DataStorageAndWarehousing
553210	588434	0.000900076178368181	Science
553210	588434	0.00027667946415022016	MedicalHealth>MedicalTests
553210	588434	0.00027444210718385875	Technology&Computing>ArtificialIntelligence
553210	588434	0.00018480181461200118	Religion&Spirituality>Agnosticism
553210	588434	0.0001622704730834812	Religion&Spirituality>Atheism
553210	588434	0.00014838657807558775	Religion&Spirituality>Spirituality
553210	588434	0.00013768364442512393	Automotive>AutoBodyStyles>StationWagon
588482	628106	0.20836971700191498	Technology&Computing>Computing>Internet>Search
588482	628106	0.06261669099330902	Technology&Computing>ArtificialIntelligence
588482	628106	0.004962485283613205	Technology&Computing>Computing>DataStorageAndWarehousing
588482	628106	0.002113041467964649	Technology&Computing>Computing>ComputerSoftwareAndApplications>Databases
588482	628106	0.0015294927870854735	Technology&Computing>Computing>Internet>CloudComputing
588482	628106	0.0014306926168501377	Technology&Computing>Robotics
588482	628106	0.0014106606831774116	Technology&Computing>Computing>ProgrammingLanguages
588482	628106	0.0010595936328172684	Technology&Computing>Computing
588482	628106	0.0007211369229480624	Science
588482	628106	0.0006928942748345435	Shopping>SalesAndPromotions
628158	654240	0.3809390664100647	Technology&Computing>Computing>DataStorageAndWarehousing
628158	654240	0.06072792038321495	Technology&Computing>Computing>ComputerSoftwareAndApplications>Databases
628158	654240	0.004599588457494974	Technology&Computing>Computing>Internet>CloudComputing
628158	654240	0.003351135179400444	Technology&Computing>Computing>Internet>Search
628158	654240	0.0016306365141645074	BusinessAndFinance>Business>BusinessOperations
628158	654240	0.0008573600789532065	Technology&Computing>Computing>ComputerSoftwareAndApplications
628158	654240	0.0007686246535740793	BusinessAndFinance>Business>BusinessI.T.
628158	654240	0.0007040614145807922	BusinessAndFinance>Business>Logistics
628158	654240	0.000685167673509568	BusinessAndFinance>Business>MarketingAndAdvertising
628158	654240	0.0006663859821856022	Technology&Computing>Computing
656690	686098	0.009933406487107277	Technology&Computing>Computing>Internet>Search
656690	686098	0.0043794019147753716	Technology&Computing>Computing>ComputerSoftwareAndApplications>Databases
656690	686098	0.004042509943246841	Technology&Computing>Computing>DataStorageAndWarehousing
656690	686098	0.0002289906406076625	Science
656690	686098	0.00021006487077102065	BusinessAndFinance>Business>BusinessOperations
656690	686098	0.0001644433505134657	Technology&Computing>Computing>ComputerSoftwareAndApplications>3-DGraphics
656690	686098	0.00014548003673553467	Shopping>SalesAndPromotions
656690	686098	0.00014464856940321624	VideoGaming>VideoGameGenres>PuzzleVideoGames
656690	686098	0.00011275285214651376	Hobbies&Interests>GamesAndPuzzles>RoleplayingGames
656690	686098	0.0001106841882574372	MedicalHealth>MedicalTests
686194	722770	0.03135696426033974	Automotive>AutoTechnology>AutoNavigationSystems
686194	722770	0.011215433478355408	Technology&Computing>ArtificialIntelligence
686194	722770	0.01014535129070282	Technology&Computing>Robotics
686194	722770	0.004904334899038076	Technology&Computing>Computing>Internet>InternetOfThings
686194	722770	0.003514115698635578	BusinessAndFinance>Industries>LogisticsAndTransportationIndustry
686194	722770	0.0026179198175668716	VideoGaming>VideoGameGenres>SimulationVideoGames
686194	722770	0.001556546543724835	Automotive>AutoType>DriverlessCars
686194	722770	0.0011638890719041228	Science>Geography
686194	722770	0.0011025764979422092	Home&Garden>SmartHome
686194	722770	0.000865620793774724	RealEstate>DevelopmentalSites
723110	756026	0.035641517490148544	Travel
723110	756026	0.007704934570938349	Automotive>AutoTechnology>AutoNavigationSystems
723110	756026	0.006325998809188604	BusinessAndFinance>Industries>LogisticsAndTransportationIndustry
723110	756026	0.0030697579495608807	Travel>TravelType>BusinessTravel
723110	756026	0.002023674314841628	Travel>TravelType
723110	756026	0.0016988402931019664	Travel>TravelType>DayTrips
723110	756026	0.0016344431787729263	Science>Geography
723110	756026	0.0014979715924710035	Technology&Computing>Computing>Internet>Search
723110	756026	0.0011522487038746476	Travel>TravelType>AdventureTravel
723110	756026	0.001005765050649643	Technology&Computing>Computing>ComputerSoftwareAndApplications>Databases
756218	789314	0.13385459780693054	PersonalFinance>FinancialPlanning
756218	789314	0.009198225103318691	BusinessAndFinance>Business>BusinessOperations
756218	789314	0.007519650273025036	Technology&Computing>Computing>ProgrammingLanguages
756218	789314	0.002866666531190276	Technology&Computing>Computing>DataStorageAndWarehousing
756218	789314	0.0028540263883769512	PersonalFinance>PersonalInvesting>Options
756218	789314	0.0026802727952599525	FineArt>Design
756218	789314	0.0018115341663360596	PersonalFinance>RetirementPlanning
756218	789314	0.0013180520618334413	VideoGaming>VideoGameGenres>SimulationVideoGames
756218	789314	0.0012564306380227208	BusinessAndFinance>Business>Sales
756218	789314	0.0011677637230604887	RealEstate>DevelopmentalSites
789442	824740	0.4860348701477051	Technology&Computing>Computing>ProgrammingLanguages
789442	824740	0.17754223942756653	Technology&Computing>Computing>ComputerSoftwareAndApplications
789442	824740	0.08294794708490372	Technology&Computing>Computing
789442	824740	0.06348706781864166	BusinessAndFinance>Industries>MechanicalAndIndustrialEngineeringIndustry
789442	824740	0.029586169868707657	BusinessAndFinance>Business>Logistics
789442	824740	0.011918997392058372	Technology&Computing>ArtificialIntelligence
789442	824740	0.01033940352499485	BusinessAndFinance>Business>BusinessOperations
789442	824740	0.006521761417388916	BusinessAndFinance>Business>Sales
789442	824740	0.004851069301366806	Technology&Computing>Computing>ComputerSoftwareAndApplications>OperatingSystems
789442	824740	0.004646245390176773	BusinessAndFinance>Business>BusinessI.T.
825110	837126	0.48702991008758545	PersonalFinance>FinancialPlanning
825110	837126	0.00657429127022624	RealEstate>DevelopmentalSites
825110	837126	0.003801260609179735	PersonalFinance
825110	837126	0.00254439702257514	Careers>CareerPlanning
825110	837126	0.0022238153032958508	BusinessAndFinance>Business>ExecutiveLeadership&Management
825110	837126	0.002202365081757307	PersonalFinance>RetirementPlanning
825110	837126	0.002024363959208131	BusinessAndFinance>Business>BusinessOperations
825110	837126	0.0005767450202256441	Education>EducationalAssessment
825110	837126	0.0005607291823253036	Automotive>AutoTechnology>AutoSafetyTechnologies
825110	837126	0.0005353849264793098	Home&Garden>Landscaping
837148	856906	0.012574481777846813	VideoGaming>VideoGameGenres>SimulationVideoGames
837148	856906	0.008266889490187168	NewsAndPolitics>Weather
837148	856906	0.0014577910769730806	Technology&Computing>Computing>ComputerSoftwareAndApplications>3-DGraphics
837148	856906	0.000522289308719337	Technology&Computing>Computing>DataStorageAndWarehousing
837148	856906	0.00047387147787958384	VideoGaming>VideoGameGenres>StrategyVideoGames
837148	856906	0.00041688239434733987	Technology&Computing>VirtualReality
837148	856906	0.0003806768509093672	Science>Physics
837148	856906	0.00037409598007798195	BusinessAndFinance>Economy>InterestRates
837148	856906	0.0003479135048110038	Technology&Computing>AugmentedReality
837148	856906	0.00030882671126164496	Technology&Computing>Robotics
857018	883382	0.019966458901762962	NewsAndPolitics>Weather
857018	883382	0.018146904185414314	Science>SpaceAndAstronomy
857018	883382	0.005467272363603115	Science>Physics
857018	883382	0.0008467081352137029	VideoGaming>VideoGameGenres>SimulationVideoGames
857018	883382	0.0005061269621364772	Science>Chemistry
857018	883382	0.00043725004070438445	Technology&Computing>Robotics
857018	883382	0.00036558095598593354	Technology&Computing>Computing>ComputerNetworking
857018	883382	0.00031728940666653216	Science
857018	883382	0.0003124176582787186	Travel>TravelType>RailTravel
857018	883382	0.00028137603658251464	Technology&Computing>Computing>ComputerSoftwareAndApplications>OperatingSystems
883516	924570	0.03259427100419998	Education>EducationalAssessment
883516	924570	0.004659389611333609	VideoGaming>VideoGameGenres>EducationalVideoGames
883516	924570	0.0027985067572444677	VideoGaming>VideoGameGenres>PuzzleVideoGames
883516	924570	0.002626679604873061	Education>EducationalAssessment>StandardizedTesting
883516	924570	0.0013521602377295494	Education>OnlineEducation
883516	924570	0.0007152879843488336	Education>HomeworkAndStudy
883516	924570	0.0006743762060068548	Education>LanguageLearning
883516	924570	0.0006389179616235197	Education>SpecialEducation
883516	924570	0.0006058651488274336	FamilyAndRelationships>Parenting>SpecialNeedsKids
883516	924570	0.0004562756803352386	FamilyAndRelationships>Parenting>ParentingBabiesAndToddlers
925100	950596	0.6602053642272949	PersonalFinance>FinancialPlanning
925100	950596	0.029542038217186928	PersonalFinance
925100	950596	0.015728389844298363	PersonalFinance>RetirementPlanning
925100	950596	0.0015331200556829572	RealEstate>DevelopmentalSites
925100	950596	0.0011675351997837424	BusinessAndFinance>Business>BusinessAccounting&Finance
925100	950596	0.0009076703572645783	PersonalFinance>PersonalInvesting
925100	950596	0.0005611234810203314	BusinessAndFinance>Business>BusinessOperations
925100	950596	0.00047054848982952535	Careers>CareerPlanning
925100	950596	0.0004156023496761918	BusinessAndFinance>Business>ExecutiveLeadership&Management
925100	950596	0.00041323769255541265	BusinessAndFinance>Economy>InterestRates
950618	983544	0.9320400357246399	PersonalFinance>FinancialPlanning
950618	983544	0.20917139947414398	PersonalFinance>PersonalInvesting
950618	983544	0.18194063007831573	PersonalFinance>RetirementPlanning
950618	983544	0.1524352878332138	PersonalFinance
950618	983544	0.12074170261621475	PersonalFinance>PersonalInvesting>Options
950618	983544	0.011461046524345875	BusinessAndFinance>Business>BusinessOperations
950618	983544	0.005657201167196035	PersonalFinance>PersonalInvesting>HedgeFunds
950618	983544	0.004766854457557201	PersonalFinance>Insurance>LifeInsurance
950618	983544	0.0034881532192230225	BusinessAndFinance>Business>BusinessAccounting&Finance
950618	983544	0.0018263612873852253	BusinessAndFinance>Economy>InterestRates
983672	1019256	0.0746176615357399	Science>Physics
983672	1019256	0.008435259573161602	Science>Chemistry
983672	1019256	0.000564814661629498	Science>SpaceAndAstronomy
983672	1019256	0.0001682640431681648	Automotive>AutoParts
983672	1019256	0.0001650267222430557	NewsAndPolitics>Weather
983672	1019256	0.00016318702546413988	Technology&Computing>Computing>ComputerSoftwareAndApplications>OperatingSystems
983672	1019256	0.00014331260172184557	BusinessAndFinance>Economy>InterestRates
983672	1019256	0.0001415363949490711	Science
983672	1019256	0.00014012477186042815	Travel>TravelType>RailTravel
983672	1019256	0.00013037747703492641	HealthyLiving>Women'sHealth
1019358	1044832	0.10858383774757385	Science>Chemistry
1019358	1044832	0.052813902497291565	Science>Physics
1019358	1044832	0.0003417886618990451	Science>SpaceAndAstronomy
1019358	1044832	0.0003276526986155659	Science
1019358	1044832	0.000135638692881912	BusinessAndFinance>Economy>Commodities
1019358	1044832	0.00011440774687798694	Automotive>AutoParts
1019358	1044832	9.928632789524272e-05	BusinessAndFinance>Industries>PowerAndEnergyIndustry
1019358	1044832	8.720195182831958e-05	Travel>TravelType>RailTravel
1019358	1044832	8.225089550251141e-05	BusinessAndFinance>Industries>MetalsIndustry
1019358	1044832	7.89510304457508e-05	Sports>TrackAndField
1044966	1080792	0.5165650248527527	Technology&Computing>ArtificialIntelligence
1044966	1080792	0.07652579993009567	Technology&Computing>Robotics
1044966	1080792	0.030358443036675453	VideoGaming>VideoGameGenres>SimulationVideoGames
1044966	1080792	0.0193039383739233	Technology&Computing>Computing
1044966	1080792	0.015458907932043076	Technology&Computing>Computing>ProgrammingLanguages
1044966	1080792	0.00378172448836267	VideoGaming>VideoGameGenres>StrategyVideoGames
1044966	1080792	0.0029592516366392374	Hobbies&Interests>GamesAndPuzzles
1044966	1080792	0.0025215910281986	Technology&Computing>Computing>ComputerSoftwareAndApplications>3-DGraphics
1044966	1080792	0.0016220640391111374	Hobbies&Interests>RadioControl
1044966	1080792	0.0010127080604434013	Technology&Computing
1080936	1099836	0.007218261249363422	VideoGaming>VideoGameGenres>SimulationVideoGames
1080936	1099836	0.001406291383318603	BusinessAndFinance>Economy>Commodities
1080936	1099836	0.000972811714746058	Hobbies&Interests>GamesAndPuzzles>RoleplayingGames
1080936	1099836	0.0008168423664756119	Technology&Computing>ArtificialIntelligence
1080936	1099836	0.0007665385492146015	Science>Geography
1080936	1099836	0.0006666029221378267	VideoGaming>VideoGameGenres>StrategyVideoGames
1080936	1099836	0.0006144968210719526	Technology&Computing>Robotics
1080936	1099836	0.0005640886374749243	Hobbies&Interests>GamesAndPuzzles
1080936	1099836	0.00051027542212978	Technology&Computing>Computing>DataStorageAndWarehousing
1080936	1099836	0.0003853949310723692	Technology&Computing>Computing>ComputerSoftwareAndApplications>3-DGraphics
1099948	1129020	0.031494323164224625	Technology&Computing>ArtificialIntelligence
1099948	1129020	0.00844662543386221	Style&Fashion>Beauty
1099948	1129020	0.003195221535861492	VideoGaming>VideoGameGenres>SimulationVideoGames
1099948	1129020	0.0021108356304466724	BusinessAndFinance>Economy>Commodities
1099948	1129020	0.001695081708021462	HealthyLiving>Men'sHealth
1099948	1129020	0.0014650234952569008	BusinessAndFinance>Business>MarketingAndAdvertising
1099948	1129020	0.0014036541106179357	BusinessAndFinance>Business>BusinessOperations
1099948	1129020	0.0011125210439786315	NewsAndPolitics>Politics>PoliticalIssues
1099948	1129020	0.0009992469567805529	PersonalFinance>FrugalLiving
1099948	1129020	0.0007539392681792378	BusinessAndFinance>Business>HumanResources
1129090	1163616	0.04415202885866165	Technology&Computing>ArtificialIntelligence
1129090	1163616	0.003096214262768626	Technology&Computing>Computing>ProgrammingLanguages
1129090	1163616	0.001432847697287798	Technology&Computing>Computing
1129090	1163616	0.0014240877935662866	VideoGaming>VideoGameGenres>SimulationVideoGames
1129090	1163616	0.0013349291402846575	Style&Fashion>Beauty
1129090	1163616	0.0012893793173134327	Education>HomeworkAndStudy
1129090	1163616	0.0009151201229542494	Technology&Computing>Computing>ComputerSoftwareAndApplications>3-DGraphics
1129090	1163616	0.0008535631932318211	Hobbies&Interests>GamesAndPuzzles
1129090	1163616	0.0006948591908439994	Shopping>SalesAndPromotions
1129090	1163616	0.0006908178911544383	Technology&Computing>Computing>DataStorageAndWarehousing
1163648	1191584	0.00946083478629589	Technology&Computing>ArtificialIntelligence
1163648	1191584	0.004858989734202623	Technology&Computing>Computing>ProgrammingLanguages
1163648	1191584	0.00037814065581187606	Technology&Computing>Computing
1163648	1191584	0.00031943677458912134	Education>EducationalAssessment
1163648	1191584	0.00021818920504301786	Technology&Computing>Computing>DataStorageAndWarehousing
1163648	1191584	0.0001974427723325789	Technology&Computing>Computing>ComputerSoftwareAndApplications>Databases
1163648	1191584	0.00013909360859543085	Science
1163648	1191584	0.0001356091961497441	Science>Physics
1163648	1191584	0.00012484488252084702	Education>HomeworkAndStudy
1163648	1191584	0.00010055489838123322	Technology&Computing>Robotics
1191782	1221560	0.0038197378162294626	Technology&Computing>ArtificialIntelligence
1191782	1221560	0.0012474677059799433	Hobbies&Interests>GamesAndPuzzles
1191782	1221560	0.0007737668347544968	Education>EducationalAssessment
1191782	1221560	0.0007126836571842432	Education>HomeworkAndStudy
1191782	1221560	0.000686167215462774	VideoGaming>VideoGameGenres>SimulationVideoGames
1191782	1221560	0.0006355097866617143	VideoGaming>VideoGameGenres>PuzzleVideoGames
1191782	1221560	0.0005312569555826485	Technology&Computing>Computing>ProgrammingLanguages
1191782	1221560	0.0004525301919784397	Hobbies&Interests>Beekeeping
1191782	1221560	0.00040911207906901836	Technology&Computing>Computing
1191782	1221560	0.00037018200964666903	FamilyAndRelationships>Parenting>ParentingChildrenAged4-11
1221710	1258112	0.15909191966056824	Technology&Computing>ArtificialIntelligence
1221710	1258112	0.0034024911001324654	Technology&Computing>Robotics
1221710	1258112	0.0008300252957269549	FamilyAndRelationships>Parenting>ParentingChildrenAged4-11
1221710	1258112	0.0008232617401517928	FamilyAndRelationships>Parenting
1221710	1258112	0.0008007197175174952	VideoGaming>VideoGameGenres>SimulationVideoGames
1221710	1258112	0.0005476890946738422	Automotive>AutoType>DriverlessCars
1221710	1258112	0.0004912922740913928	Shopping>SalesAndPromotions
1221710	1258112	0.000442448043031618	Education>HomeworkAndStudy
1221710	1258112	0.0004278654814697802	Technology&Computing>Computing>Internet>SocialNetworking
1221710	1258112	0.0003552009875420481	Pets>Cats
1258256	1298592	0.16409091651439667	Technology&Computing>ArtificialIntelligence
1258256	1298592	0.03392304480075836	Technology&Computing>Computing>ProgrammingLanguages
1258256	1298592	0.008766785264015198	Technology&Computing>Computing
1258256	1298592	0.0013785910559818149	Technology&Computing>Computing>ComputerSoftwareAndApplications>Databases
1258256	1298592	0.00120829651132226	VideoGaming>VideoGameGenres>SimulationVideoGames
1258256	1298592	0.0009589320397935808	Technology&Computing>Computing>ComputerSoftwareAndApplications>OperatingSystems
1258256	1298592	0.000941489590331912	Technology&Computing>Robotics
1258256	1298592	0.0005616878042928874	Science>Physics
1258256	1298592	0.0005607278435491025	Technology&Computing
1258256	1298592	0.0005246403743512928	Technology&Computing>Computing>DataStorageAndWarehousing
1298646	1332540	0.6987814903259277	Technology&Computing>ArtificialIntelligence
1298646	1332540	0.008825249969959259	Technology&Computing>Robotics
1298646	1332540	0.0037499533500522375	Technology&Computing>Computing
1298646	1332540	0.0034992224536836147	Technology&Computing>Computing>ProgrammingLanguages
1298646	1332540	0.0015921390149742365	VideoGaming>VideoGameGenres>SimulationVideoGames
1298646	1332540	0.0011221172753721476	Technology&Computing>Computing>ComputerSoftwareAndApplications>3-DGraphics
1298646	1332540	0.0009397711255587637	Technology&Computing
1298646	1332540	0.0006679020589217544	Automotive>AutoType>DriverlessCars
1298646	1332540	0.00044675570097751915	Technology&Computing>AugmentedReality
1298646	1332540	0.00039150865632109344	Technology&Computing>VirtualReality
1333840	1380856	0.9733818769454956	Technology&Computing>ArtificialIntelligence
1333840	1380856	0.0249857846647501	Technology&Computing>Computing
1333840	1380856	0.018220124766230583	Technology&Computing>Robotics
1333840	1380856	0.004390866495668888	Technology&Computing
1333840	1380856	0.0031114108860492706	Technology&Computing>Computing>ProgrammingLanguages
1333840	1380856	0.0016851823311299086	VideoGaming>VideoGameGenres>SimulationVideoGames
1333840	1380856	0.0012083678739145398	Automotive>AutoType>DriverlessCars
1333840	1380856	0.0006624634843319654	Hobbies&Interests>GamesAndPuzzles
1333840	1380856	0.0006492823013104498	Science>Physics
1333840	1380856	0.0004149070009589195	Technology&Computing>Computing>ComputerSoftwareAndApplications>3-DGraphics
1380968	1410644	0.6869141459465027	Technology&Computing>ArtificialIntelligence
1380968	1410644	0.0022819223813712597	VideoGaming>VideoGameGenres>SimulationVideoGames
1380968	1410644	0.001994719263166189	Technology&Computing>Computing>ProgrammingLanguages
1380968	1410644	0.0017211140366271138	Technology&Computing>Computing
1380968	1410644	0.001385971438139677	Technology&Computing>Robotics
1380968	1410644	0.0010824059136211872	Hobbies&Interests>GamesAndPuzzles
1380968	1410644	0.0007765319896861911	Education>EducationalAssessment
1380968	1410644	0.0005211823154240847	FamilyAndRelationships>Parenting>ParentingChildrenAged4-11
1380968	1410644	0.0005063185235485435	Education>HomeworkAndStudy
1380968	1410644	0.0004369362723082304	Technology&Computing
1410682	1446464	0.6185926795005798	Technology&Computing>ArtificialIntelligence
1410682	1446464	0.010167229920625687	Technology&Computing>Robotics
1410682	1446464	0.0013627023436129093	Automotive>AutoType>DriverlessCars
1410682	1446464	0.001281190081499517	VideoGaming>VideoGameGenres>SimulationVideoGames
1410682	1446464	0.000933997449465096	Hobbies&Interests>GamesAndPuzzles
1410682	1446464	0.0007381594041362405	Technology&Computing>Computing
1410682	1446464	0.00047894922317937016	FamilyAndRelationships>Parenting>ParentingChildrenAged4-11
1410682	1446464	0.000415658374549821	Education>EducationalAssessment
1410682	1446464	0.0004110986483283341	Education>HomeworkAndStudy
1410682	1446464	0.00037274285568855703	Automotive>AutoTechnology>AutoNavigationSystems
1446502	1479538	0.0006469812942668796	Technology&Computing>Robotics
1446502	1479538	0.00048246767255477607	BusinessAndFinance>Industries>BiotechAndBiomedicalIndustry
1446502	1479538	0.00046657357597723603	Science>SpaceAndAstronomy
1446502	1479538	0.0003966781951021403	VideoGaming>VideoGameGenres>SimulationVideoGames
1446502	1479538	0.00034149648854508996	Automotive>AutoParts
1446502	1479538	0.0003002622979693115	MedicalHealth>MedicalTests
1446502	1479538	0.00027710816357284784	Technology&Computing>ArtificialIntelligence
1446502	1479538	0.0002719294570852071	Pets>Birds
1446502	1479538	0.00026538537349551916	Technology&Computing>VirtualReality
1446502	1479538	0.00025213646586053073	Technology&Computing>Computing>ComputerSoftwareAndApplications>OperatingSystems
1479704	1505450	0.004507183562964201	Science
1479704	1505450	0.0020201297011226416	Technology&Computing>ArtificialIntelligence
1479704	1505450	0.0013892429415136576	BusinessAndFinance>Business>MarketingAndAdvertising
1479704	1505450	0.0007953327149152756	Technology&Computing>Computing>DataStorageAndWarehousing
1479704	1505450	0.0007938478956930339	Technology&Computing>Computing>ProgrammingLanguages
1479704	1505450	0.0006665768451057374	BusinessAndFinance>Business>BusinessOperations
1479704	1505450	0.0006056143320165575	Technology&Computing>Computing>Internet>Search
1479704	1505450	0.0005631933454424143	BusinessAndFinance>Business>Sales
1479704	1505450	0.0004453156143426895	Education>EducationalAssessment
1479704	1505450	0.0004021174390800297	NewsAndPolitics>Politics>PoliticalIssues
1505520	1536418	0.2679576277732849	Science>Physics
1505520	1536418	0.09470764547586441	Technology&Computing>ArtificialIntelligence
1505520	1536418	0.0394148975610733	Science
1505520	1536418	0.01908804103732109	VideoGaming>VideoGameGenres>SimulationVideoGames
1505520	1536418	0.015813499689102173	VideoGaming>VideoGameGenres>EducationalVideoGames
1505520	1536418	0.013357656076550484	Hobbies&Interests>GamesAndPuzzles
1505520	1536418	0.01028355397284031	Technology&Computing>Computing
1505520	1536418	0.008138442412018776	Technology&Computing
1505520	1536418	0.005070947110652924	Hobbies&Interests>GamesAndPuzzles>RoleplayingGames
1505520	1536418	0.0030311765149235725	Hobbies&Interests>GamesAndPuzzles>BoardGamesAndPuzzles
1536504	1565386	0.024733027443289757	Technology&Computing>ArtificialIntelligence
1536504	1565386	0.004370286129415035	Technology&Computing>Robotics
1536504	1565386	0.0025697899982333183	Technology&Computing>Computing
1536504	1565386	0.0023173752706497908	Technology&Computing>Computing>Internet>InternetOfThings
1536504	1565386	0.0019658079836517572	VideoGaming>VideoGameGenres>SimulationVideoGames
1536504	1565386	0.00187903072219342	Science
1536504	1565386	0.0011332024587318301	Technology&Computing>Computing>ProgrammingLanguages
1536504	1565386	0.0010029003024101257	Science>Physics
1536504	1565386	0.0009514427511021495	Home&Garden>SmartHome
1536504	1565386	0.0007746941410005093	Science>Chemistry
1565418	1602146	0.7575028538703918	Technology&Computing>ArtificialIntelligence
1565418	1602146	0.0015162404160946608	Technology&Computing>Robotics
1565418	1602146	0.001077696681022644	Technology&Computing
1565418	1602146	0.000734266301151365	Technology&Computing>Computing>Internet>InternetOfThings
1565418	1602146	0.0005616813432425261	Technology&Computing>Computing
1565418	1602146	0.00040805793832987547	Technology&Computing>Computing>Internet>SocialNetworking
1565418	1602146	0.0003833225055132061	Automotive>AutoType>DriverlessCars
1565418	1602146	0.00035039515933021903	Education>EducationalAssessment
1565418	1602146	0.00030463305301964283	Education>HomeworkAndStudy
1565418	1602146	0.0003013282548636198	Science
1602268	1633860	0.46186476945877075	Science>Physics
1602268	1633860	0.013115344569087029	Science>Chemistry
1602268	1633860	0.0017199001740664244	Science>SpaceAndAstronomy
1602268	1633860	0.0008354313322342932	Technology&Computing>Robotics
1602268	1633860	0.0003471375966910273	Science
1602268	1633860	0.0003359672555234283	Technology&Computing>Computing
1602268	1633860	0.00033369878656230867	Technology&Computing>ArtificialIntelligence
1602268	1633860	0.00019176672503817827	VideoGaming>VideoGameGenres>SimulationVideoGames
1602268	1633860	0.0001830362598411739	Technology&Computing>Computing>ComputerSoftwareAndApplications>3-DGraphics
1602268	1633860	0.00017573752847965807	Technology&Computing>Computing>ProgrammingLanguages
1639920	1687032	0.09225589781999588	Science>Physics
1639920	1687032	0.0010681338608264923	Science>SpaceAndAstronomy
1639920	1687032	0.0009770022006705403	NewsAndPolitics>Weather
1639920	1687032	0.0009767593583092093	Technology&Computing>VirtualReality
1639920	1687032	0.00040629279101267457	Science>Chemistry
1639920	1687032	0.00032205370371229947	Automotive>AutoParts
1639920	1687032	0.00031948520336300135	VideoGaming>VideoGameGenres>SimulationVideoGames
1639920	1687032	0.0003175665915478021	Technology&Computing>Robotics
1639920	1687032	0.0002716434246394783	BusinessAndFinance>Economy>Commodities
1639920	1687032	0.0001785223576007411	MedicalHealth>DiseasesAndConditions>ReproductiveHealth>Pregnancy
1687096	1717972	0.010493744164705276	Technology&Computing>ArtificialIntelligence
1687096	1717972	0.0028217339422553778	Technology&Computing>Computing>DataStorageAndWarehousing
1687096	1717972	0.0016161351231858134	Technology&Computing>Computing>ComputerSoftwareAndApplications>Databases
1687096	1717972	0.0012277511414140463	Technology&Computing>Computing
1687096	1717972	0.0010845167562365532	Technology&Computing>Computing>ComputerSoftwareAndApplications>3-DGraphics
1687096	1717972	0.0010355750564485788	Technology&Computing>Computing>ProgrammingLanguages
1687096	1717972	0.0009001254220493138	Science
1687096	1717972	0.0007913513109087944	Science>Physics
1687096	1717972	0.0005625165649689734	Technology&Computing>Robotics
1687096	1717972	0.00037278461968526244	VideoGaming>VideoGameGenres>SimulationVideoGames
1718106	1755024	0.02587984874844551	Technology&Computing>ArtificialIntelligence
1718106	1755024	0.015433983877301216	Science
1718106	1755024	0.0010945945978164673	FamilyAndRelationships>Parenting>ParentingChildrenAged4-11
1718106	1755024	0.0006413576775230467	Science>Genetics
1718106	1755024	0.0005742287612520158	Religion&Spirituality>Astrology
1718106	1755024	0.00047622728743590415	BusinessAndFinance>Business>Sales
1718106	1755024	0.00045983659219928086	Technology&Computing>Computing>Internet>Search
1718106	1755024	0.0004477898473851383	Shopping>SalesAndPromotions
1718106	1755024	0.00038846954703330994	BusinessAndFinance>Business>MarketingAndAdvertising
1718106	1755024	0.00037099546170793474	Hobbies&Interests>GamesAndPuzzles
1755142	1792670	0.10855124145746231	Technology&Computing>ArtificialIntelligence
1755142	1792670	0.008717537857592106	FamilyAndRelationships>Parenting>ParentingChildrenAged4-11
1755142	1792670	0.002605732064694166	Education>HomeworkAndStudy
1755142	1792670	0.001910703256726265	FamilyAndRelationships>Parenting>ParentingBabiesAndToddlers
1755142	1792670	0.0015567524824291468	Education>LanguageLearning
1755142	1792670	0.0014689308591187	Science
1755142	1792670	0.0012146818917244673	Education>EarlyChildhoodEducation
1755142	1792670	0.0009500766755081713	Technology&Computing>Computing
1755142	1792670	0.0009446429321542382	Technology&Computing>Computing>ProgrammingLanguages
1755142	1792670	0.0008903934503905475	Education
1793200	1818692	0.023546135053038597	VideoGaming>VideoGameGenres>PuzzleVideoGames
1793200	1818692	0.0215995404869318	Hobbies&Interests>GamesAndPuzzles
1793200	1818692	0.012493151240050793	VideoGaming>VideoGameGenres>EducationalVideoGames
1793200	1818692	0.004329304210841656	Education>EducationalAssessment
1793200	1818692	0.0036892688367515802	Hobbies&Interests>GamesAndPuzzles>BoardGamesAndPuzzles
1793200	1818692	0.002869965508580208	Education>HomeworkAndStudy
1793200	1818692	0.001154699712060392	Shopping>SalesAndPromotions
1793200	1818692	0.0008463308913633227	Technology&Computing>ArtificialIntelligence
1793200	1818692	0.0006930064992047846	Hobbies&Interests>GamesAndPuzzles>RoleplayingGames
1793200	1818692	0.0005712048732675612	VideoGaming>VideoGameGenres>StrategyVideoGames
1818746	1848232	0.0027393028140068054	Education>HomeworkAndStudy
1818746	1848232	0.002464699326083064	Education>EducationalAssessment
1818746	1848232	0.0018610069528222084	VideoGaming>VideoGameGenres>PuzzleVideoGames
1818746	1848232	0.0016176431672647595	Shopping>SalesAndPromotions
1818746	1848232	0.0012026785407215357	VideoGaming>VideoGameGenres>EducationalVideoGames
1818746	1848232	0.0005343044176697731	Hobbies&Interests>GamesAndPuzzles
1818746	1848232	0.00047691736835986376	Education>EarlyChildhoodEducation
1818746	1848232	0.0002782420488074422	Careers>CareerPlanning
1818746	1848232	0.0002507438766770065	Education>SpecialEducation
1818746	1848232	0.00021568642114289105	BusinessAndFinance>Economy>Commodities
1848376	1875128	0.01290880236774683	Education>HomeworkAndStudy
1848376	1875128	0.007218065671622753	Education>EducationalAssessment
1848376	1875128	0.0017657577991485596	VideoGaming>VideoGameGenres>EducationalVideoGames
1848376	1875128	0.0011961528798565269	FamilyAndRelationships>Parenting>ParentingChildrenAged4-11
1848376	1875128	0.0011452274629846215	BusinessAndFinance>Economy>Commodities
1848376	1875128	0.0007168855518102646	Education>EarlyChildhoodEducation
1848376	1875128	0.0006420843419618905	FamilyAndRelationships>Parenting
1848376	1875128	0.0006358856917358935	Technology&Computing>ArtificialIntelligence
1848376	1875128	0.0006098966696299613	Careers>CareerPlanning
1848376	1875128	0.0005483352579176426	Technology&Computing>Computing>Internet>SocialNetworking
1875294	1899920	0.46385201811790466	Technology&Computing>ArtificialIntelligence
1875294	1899920	0.004422403406351805	Technology&Computing>Computing>ProgrammingLanguages
1875294	1899920	0.0020515508949756622	VideoGaming>VideoGameGenres>SimulationVideoGames
1875294	1899920	0.001601340132765472	Technology&Computing>Computing
1875294	1899920	0.001225935760885477	Technology&Computing>Robotics
1875294	1899920	0.0010407284134998918	Technology&Computing
1875294	1899920	0.0004664437146857381	Technology&Computing>Computing>DataStorageAndWarehousing
1875294	1899920	0.00035759666934609413	Technology&Computing>Computing>ComputerSoftwareAndApplications>Databases
1875294	1899920	0.00026545216678641737	Hobbies&Interests>GamesAndPuzzles
1875294	1899920	0.00021260377252474427	Hobbies&Interests>GamesAndPuzzles>RoleplayingGames
1900660	1921624	0.003755661891773343	BusinessAndFinance>Economy>HousingMarket
1900660	1921624	0.0026284719351679087	BusinessAndFinance>Industries>LogisticsAndTransportationIndustry
1900660	1921624	0.001703769899904728	RealEstate>DevelopmentalSites
1900660	1921624	0.0007230326882563531	Home&Garden>Landscaping
1900660	1921624	0.000722690369002521	BusinessAndFinance>Industries>RealEstateIndustry
1900660	1921624	0.0006862606969662011	Home&Garden>Remodeling&Construction
1900660	1921624	0.0005344406235963106	Travel>TravelType>RailTravel
1900660	1921624	0.0003929268568754196	Home&Garden>IndoorEnvironmentalQuality
1900660	1921624	0.00037624366814270616	Science>Geography
1900660	1921624	0.00032785924850031734	NewsAndPolitics>Politics>Elections
1921822	1961460	0.03787872940301895	Technology&Computing>ArtificialIntelligence
1921822	1961460	0.002199472626671195	Science>Genetics
1921822	1961460	0.0011290572583675385	Science
1921822	1961460	0.0010444114450365305	Style&Fashion>Beauty
1921822	1961460	0.0006991875125095248	Technology&Computing>Computing>ProgrammingLanguages
1921822	1961460	0.0006348970928229392	Hobbies&Interests>GamesAndPuzzles
1921822	1961460	0.0005696181324310601	Pets>Birds
1921822	1961460	0.0005658924346789718	Shopping>SalesAndPromotions
1921822	1961460	0.0004496620676945895	FamilyAndRelationships>Dating
1921822	1961460	0.0003804662555921823	PersonalFinance>PersonalInvesting>Options
1963880	1993176	0.001677989144809544	Education>EducationalAssessment
1963880	1993176	0.001443240325897932	Education>HomeworkAndStudy
1963880	1993176	0.0013261378044262528	VideoGaming>VideoGameGenres>PuzzleVideoGames
1963880	1993176	0.0009547735680826008	VideoGaming>VideoGameGenres>EducationalVideoGames
1963880	1993176	0.0005907613667659461	Hobbies&Interests>GamesAndPuzzles
1963880	1993176	0.0005031132604926825	Shopping>SalesAndPromotions
1963880	1993176	0.0002330416173208505	Education>SpecialEducation
1963880	1993176	0.00018881184223573655	Hobbies&Interests>GamesAndPuzzles>BoardGamesAndPuzzles
1963880	1993176	0.00016803844482637942	MedicalHealth>DiseasesAndConditions>EndocrineAndMetabolicDiseases>Menopause
1963880	1993176	0.0001677965046837926	Education>EducationalAssessment>StandardizedTesting
1993288	2033496	0.09734266996383667	Technology&Computing>Computing>ComputerSoftwareAndApplications>ComputerAnimation
1993288	2033496	0.016179189085960388	VideoGaming>VideoGameGenres>SimulationVideoGames
1993288	2033496	0.012155314907431602	VideoGaming>VideoGameGenres>EducationalVideoGames
1993288	2033496	0.008331655524671078	Technology&Computing>VirtualReality
1993288	2033496	0.006717664189636707	VideoGaming>VideoGameGenres>PuzzleVideoGames
1993288	2033496	0.005573830101639032	FamilyAndRelationships>Parenting>ParentingBabiesAndToddlers
1993288	2033496	0.005143874790519476	Technology&Computing>Computing>ComputerSoftwareAndApplications>3-DGraphics
1993288	2033496	0.0031452046241611242	Technology&Computing>AugmentedReality
1993288	2033496	0.0022757959086447954	Television>AnimationTV
1993288	2033496	0.001717015984468162	Hobbies&Interests>GamesAndPuzzles
2033678	2068950	0.009783590212464333	Education>EducationalAssessment
2033678	2068950	0.0026786825619637966	Education>LanguageLearning
2033678	2068950	0.0017559670377522707	FamilyAndRelationships>Parenting>ParentingBabiesAndToddlers
2033678	2068950	0.0012570752296596766	Technology&Computing>ArtificialIntelligence
2033678	2068950	0.000828560150694102	FamilyAndRelationships>Parenting>ParentingChildrenAged4-11
2033678	2068950	0.0006274950574152172	Science
2033678	2068950	0.0005351389991119504	Education>HomeworkAndStudy
2033678	2068950	0.0004589887976180762	Hobbies&Interests>GamesAndPuzzles
2033678	2068950	0.00033861008705571294	Hobbies&Interests>GamesAndPuzzles>RoleplayingGames
2033678	2068950	0.0003302801924291998	Education>EducationalAssessment>StandardizedTesting
2070120	2095988	0.6009470820426941	VideoGaming>VideoGameGenres>EducationalVideoGames
2070120	2095988	0.2628297209739685	Technology&Computing>ArtificialIntelligence
2070120	2095988	0.25564780831336975	Hobbies&Interests>GamesAndPuzzles
2070120	2095988	0.13918046653270721	Hobbies&Interests>GamesAndPuzzles>BoardGamesAndPuzzles
2070120	2095988	0.060942914336919785	VideoGaming>VideoGameGenres>PuzzleVideoGames
2070120	2095988	0.05642827972769737	Education>LanguageLearning
2070120	2095988	0.022057626396417618	FamilyAndRelationships>Parenting>ParentingBabiesAndToddlers
2070120	2095988	0.009492624551057816	Hobbies&Interests>GamesAndPuzzles>RoleplayingGames
2070120	2095988	0.006010761950165033	Hobbies&Interests>ContentProduction>FreelanceWriting
2070120	2095988	0.0049948072992265224	FamilyAndRelationships>Parenting>ParentingChildrenAged4-11
2096024	2124408	0.3578934073448181	VideoGaming>VideoGameGenres>ExerciseAndFitnessVideoGames
2096024	2124408	0.17556145787239075	VideoGaming>VideoGameGenres>EducationalVideoGames
2096024	2124408	0.16118958592414856	Technology&Computing>ArtificialIntelligence
2096024	2124408	0.11671679466962814	Sports>Soccer
2096024	2124408	0.07091417908668518	VideoGaming>VideoGameGenres>SimulationVideoGames
2096024	2124408	0.05697811022400856	Hobbies&Interests>GamesAndPuzzles>BoardGamesAndPuzzles
2096024	2124408	0.05021151900291443	Hobbies&Interests>GamesAndPuzzles
2096024	2124408	0.036225639283657074	Sports>AmericanFootball
2096024	2124408	0.021943412721157074	Sports>FantasySports
2096024	2124408	0.020392363891005516	Shopping>Children'sGamesAndToys
2124574	2159364	0.8787997961044312	HealthyLiving>FitnessAndExercise
2124574	2159364	0.3341887295246124	HealthyLiving
2124574	2159364	0.3031889498233795	HealthyLiving>Wellness
2124574	2159364	0.017363863065838814	HealthyLiving>WeightLoss
2124574	2159364	0.011884746141731739	Sports>Bodybuilding
2124574	2159364	0.004020157735794783	Sports>Cycling
2124574	2159364	0.0037848064675927162	VideoGaming>VideoGameGenres>ExerciseAndFitnessVideoGames
2124574	2159364	0.0022892707493156195	MedicalHealth>DiseasesAndConditions>MentalHealth
2124574	2159364	0.002180559327825904	Education>HomeworkAndStudy
2124574	2159364	0.001138012041337788	HealthyLiving>Men'sHealth
2159482	2191340	0.08766114711761475	FineArt>Design
2159482	2191340	0.0761679857969284	Hobbies&Interests>ArtsAndCrafts>DrawingAndSketching
2159482	2191340	0.05944742634892464	Technology&Computing>Computing>ComputerSoftwareAndApplications>DesktopPublishing
2159482	2191340	0.035593803972005844	Technology&Computing>Computing>ProgrammingLanguages
2159482	2191340	0.00924992561340332	Education>LanguageLearning
2159482	2191340	0.00843088049441576	Hobbies&Interests>ArtsAndCrafts>Needlework
2159482	2191340	0.0032832620199769735	Technology&Computing>ConsumerElectronics>TabletsAndE-readers
2159482	2191340	0.003219599835574627	Technology&Computing>ArtificialIntelligence
2159482	2191340	0.002874078694730997	VideoGaming>VideoGameGenres>EducationalVideoGames
2159482	2191340	0.0023801233619451523	FineArt>DigitalArts
2192240	2219460	0.9757599234580994	Education>EducationalAssessment
2192240	2219460	0.8298368453979492	Education>EducationalAssessment>StandardizedTesting
2192240	2219460	0.08000083267688751	Education>HomeworkAndStudy
2192240	2219460	0.02182760089635849	Hobbies&Interests>ContentProduction>FreelanceWriting
2192240	2219460	0.0024404493160545826	Hobbies&Interests>ContentProduction>Screenwriting
2192240	2219460	0.001405304647050798	FineArt
2192240	2219460	0.0013870561961084604	Education>OnlineEducation
2192240	2219460	0.0012060743756592274	BusinessAndFinance>Industries>PublishingIndustry
2192240	2219460	0.0006963968626223505	Hobbies&Interests>ArtsAndCrafts>DrawingAndSketching
2192240	2219460	0.0006378365214914083	Hobbies&Interests>ContentProduction
2219960	2252560	0.12182598561048508	Technology&Computing>Computing>ProgrammingLanguages
2219960	2252560	0.07701370120048523	Technology&Computing>Computing>Internet>WebDesignAndHTML
2219960	2252560	0.025570815429091454	Technology&Computing>Computing>ComputerSoftwareAndApplications>DesktopPublishing
2219960	2252560	0.02374422922730446	Technology&Computing>Computing>ComputerSoftwareAndApplications>Databases
2219960	2252560	0.017474696040153503	Technology&Computing>Computing>Internet>WebDevelopment
2219960	2252560	0.006700866390019655	Technology&Computing>Computing>DataStorageAndWarehousing
2219960	2252560	0.002999505028128624	FineArt>Design
2219960	2252560	0.0010031407000496984	Technology&Computing>Computing>ComputerSoftwareAndApplications
2219960	2252560	0.0006488841609098017	Hobbies&Interests>GamesAndPuzzles>RoleplayingGames
2219960	2252560	0.0004079054342582822	Technology&Computing>Computing>Internet>Search
2252900	2293384	0.07144670933485031	Technology&Computing>Computing
2252900	2293384	0.032384444028139114	Technology&Computing>ArtificialIntelligence
2252900	2293384	0.014538542367517948	VideoGaming>VideoGameGenres>SimulationVideoGames
2252900	2293384	0.012284934520721436	Technology&Computing>Computing>ProgrammingLanguages
2252900	2293384	0.006688416935503483	Technology&Computing>Computing>Internet>InternetOfThings
2252900	2293384	0.006674240343272686	Technology&Computing>Computing>DataStorageAndWarehousing
2252900	2293384	0.004834895022213459	Technology&Computing>Computing>Internet>CloudComputing
2252900	2293384	0.0034228635486215353	Technology&Computing>Computing>ComputerSoftwareAndApplications
2252900	2293384	0.0029181018471717834	Technology&Computing>Robotics
2252900	2293384	0.0022884018253535032	Technology&Computing>Computing>ComputerSoftwareAndApplications>Databases
2293512	2326308	0.0021420319098979235	VideoGaming>VideoGameGenres>SimulationVideoGames
2293512	2326308	0.0020114616490900517	BusinessAndFinance>Economy>InterestRates
2293512	2326308	0.0010648237075656652	Technology&Computing>Computing>ComputerSoftwareAndApplications>Databases
2293512	2326308	0.0010086293332278728	Technology&Computing>Computing>DataStorageAndWarehousing
2293512	2326308	0.0006210512365214527	PersonalFinance>FinancialPlanning
2293512	2326308	0.0005350369610823691	Technology&Computing>Computing>ProgrammingLanguages
2293512	2326308	0.00047504715621471405	Technology&Computing>ArtificialIntelligence
2293512	2326308	0.00044982644612900913	Technology&Computing>Computing>ComputerSoftwareAndApplications>OperatingSystems
2293512	2326308	0.0003464242909103632	Technology&Computing>Computing>ComputerSoftwareAndApplications>3-DGraphics
2293512	2326308	0.0003039846196770668	Technology&Computing>Computing>Internet>CloudComputing
2326484	2361350	0.37836310267448425	Technology&Computing>Computing>ProgrammingLanguages
2326484	2361350	0.025922657921910286	Technology&Computing>Computing
2326484	2361350	0.003915113862603903	Technology&Computing>ArtificialIntelligence
2326484	2361350	0.0036746941041201353	Technology&Computing>Computing>ComputerSoftwareAndApplications>Databases
2326484	2361350	0.0014221660094335675	Technology&Computing>Computing>ComputerSoftwareAndApplications>OperatingSystems
2326484	2361350	0.0011769531993195415	Technology&Computing>Computing>DataStorageAndWarehousing
2326484	2361350	0.0009368989849463105	VideoGaming>VideoGameGenres>SimulationVideoGames
2326484	2361350	0.0006614792509935796	Science>Physics
2326484	2361350	0.0005609229556284845	Technology&Computing>Computing>ComputerSoftwareAndApplications>3-DGraphics
2326484	2361350	0.00028840097365900874	Technology&Computing>Computing>ComputerSoftwareAndApplications
2362520	2409910	0.9920846223831177	Technology&Computing>ArtificialIntelligence
2362520	2409910	0.20702800154685974	Technology&Computing
2362520	2409910	0.04553644731640816	Technology&Computing>Computing>Internet>InternetOfThings
2362520	2409910	0.004173707216978073	Technology&Computing>Computing
2362520	2409910	0.0028973042499274015	Technology&Computing>Robotics
2362520	2409910	0.002231291262432933	Home&Garden>SmartHome
2362520	2409910	0.0021903221495449543	BusinessAndFinance>Industries>TechnologyIndustry
2362520	2409910	0.001726788585074246	Technology&Computing>Computing>Internet>ITAndInternetSupport
2362520	2409910	0.0012966316426172853	Technology&Computing>Computing>InformationAndNetworkSecurity
2362520	2409910	0.0012623281218111515	BusinessAndFinance>Industries>InformationServicesIndustry
2410840	2441772	0.9597006440162659	Technology&Computing>ArtificialIntelligence
2410840	2441772	0.12760382890701294	Technology&Computing>Computing
2410840	2441772	0.06934119760990143	Technology&Computing
2410840	2441772	0.004277690779417753	Technology&Computing>Computing>ProgrammingLanguages
2410840	2441772	0.0028375403489917517	Technology&Computing>Robotics
2410840	2441772	0.002750890562310815	Technology&Computing>Computing>Internet>CloudComputing
2410840	2441772	0.0011763782240450382	BusinessAndFinance>Business>BusinessI.T.
2410840	2441772	0.0010228942846879363	Technology&Computing>Computing>Internet>ITAndInternetSupport
2410840	2441772	0.0008590486831963062	Technology&Computing>Computing>Internet>InternetOfThings
2410840	2441772	0.00045233481796458364	Technology&Computing>Computing>ComputerSoftwareAndApplications>OperatingSystems
2441826	2472600	0.2624879479408264	Technology&Computing>Computing>ProgrammingLanguages
2441826	2472600	0.021632129326462746	Technology&Computing>ArtificialIntelligence
2441826	2472600	0.006159605924040079	Technology&Computing>Computing
2441826	2472600	0.001620374619960785	Technology&Computing>Computing>ComputerSoftwareAndApplications>Databases
2441826	2472600	0.001250196248292923	Technology&Computing>Computing>DataStorageAndWarehousing
2441826	2472600	0.001100529683753848	Technology&Computing>Computing>ComputerSoftwareAndApplications
2441826	2472600	0.0006941920146346092	Technology&Computing>Computing>ComputerSoftwareAndApplications>OperatingSystems
2441826	2472600	0.00045122759183868766	Technology&Computing>Computing>Internet>WebDevelopment
2441826	2472600	0.00030449251062236726	Technology&Computing>Robotics
2441826	2472600	0.0002571983786765486	Science
2472670	2495372	0.9777635335922241	Technology&Computing>Computing>ProgrammingLanguages
2472670	2495372	0.013918201439082623	Technology&Computing>Computing
2472670	2495372	0.004632181953638792	Technology&Computing>Computing>ComputerSoftwareAndApplications>OperatingSystems
2472670	2495372	0.0011484069982543588	Technology&Computing>Computing>ComputerSoftwareAndApplications>Databases
2472670	2495372	0.001091596088372171	Technology&Computing>Computing>ComputerSoftwareAndApplications
2472670	2495372	0.0007770474767312407	Technology&Computing>Computing>Internet>WebDevelopment
2472670	2495372	0.0005722192581743002	Technology&Computing>Computing>Internet>WebDesignAndHTML
2472670	2495372	0.0004624095745384693	Technology&Computing>ArtificialIntelligence
2472670	2495372	0.00029642897425219417	Technology&Computing>Computing>DataStorageAndWarehousing
2472670	2495372	0.0001833618589444086	Education>PrivateSchool
2495516	2524550	0.0037693274207413197	Science
2495516	2524550	0.0017027945723384619	Technology&Computing>Computing>Internet>Search
2495516	2524550	0.0005390419391915202	Hobbies&Interests>GamesAndPuzzles>RoleplayingGames
2495516	2524550	0.0004072185547556728	Technology&Computing>Computing>DataStorageAndWarehousing
2495516	2524550	0.0003951792314182967	Technology&Computing>Computing>ComputerSoftwareAndApplications>Databases
2495516	2524550	0.00031457291333936155	Hobbies&Interests>GamesAndPuzzles
2495516	2524550	0.00024431291967630386	Hobbies&Interests>Sci-fiAndFantasy
2495516	2524550	0.00022345557226799428	BusinessAndFinance>Business>MarketingAndAdvertising
2495516	2524550	0.00021020733402110636	Technology&Computing
2495516	2524550	0.00019473327847663313	Technology&Computing>ArtificialIntelligence
2525080	2553100	0.02305537462234497	Technology&Computing>Computing>ProgrammingLanguages
2525080	2553100	0.0038012152072042227	VideoGaming>VideoGameGenres>PuzzleVideoGames
2525080	2553100	0.0027603497728705406	Technology&Computing>ArtificialIntelligence
2525080	2553100	0.0022597890347242355	Hobbies&Interests>GamesAndPuzzles>RoleplayingGames
2525080	2553100	0.001801094738766551	Hobbies&Interests>GamesAndPuzzles
2525080	2553100	0.0008597357664257288	Technology&Computing>Computing>DataStorageAndWarehousing
2525080	2553100	0.0008248471422120929	Technology&Computing>Computing
2525080	2553100	0.0006862560985609889	VideoGaming>VideoGameGenres>StrategyVideoGames
2525080	2553100	0.0005827389541082084	VideoGaming>VideoGameGenres>SimulationVideoGames
2525080	2553100	0.00034340849379077554	Technology&Computing>Computing>ComputerSoftwareAndApplications
2553180	2591260	0.8712465167045593	Technology&Computing>Computing>ProgrammingLanguages
2553180	2591260	0.05387609452009201	Technology&Computing>Computing>ComputerSoftwareAndApplications>Databases
2553180	2591260	0.02201705425977707	Technology&Computing>Computing>DataStorageAndWarehousing
2553180	2591260	0.0203863438218832	Technology&Computing>Computing
2553180	2591260	0.012107005342841148	Technology&Computing>Computing>ComputerSoftwareAndApplications>OperatingSystems
2553180	2591260	0.010121115483343601	Technology&Computing>Computing>ComputerSoftwareAndApplications
2553180	2591260	0.0012520881136879325	Technology&Computing>Computing>Internet>WebDevelopment
2553180	2591260	0.00046989673865027726	Technology&Computing>Computing>Internet>WebDesignAndHTML
2553180	2591260	0.00042852753540501	Technology&Computing>Computing>Internet>CloudComputing
2553180	2591260	0.0004108214925508946	Technology&Computing>Computing>ComputerSoftwareAndApplications>3-DGraphics
2591760	2630424	0.037730954587459564	Technology&Computing>Computing>ComputerSoftwareAndApplications>Databases
2591760	2630424	0.03511848300695419	Technology&Computing>Computing>ProgrammingLanguages
2591760	2630424	0.01367940567433834	Technology&Computing>Computing>DataStorageAndWarehousing
2591760	2630424	0.007213345728814602	Technology&Computing>Computing
2591760	2630424	0.0029465672560036182	Technology&Computing>Computing>ComputerSoftwareAndApplications>OperatingSystems
2591760	2630424	0.0013282670406624675	Technology&Computing>Computing>Internet>CloudComputing
2591760	2630424	0.0009418309200555086	Technology&Computing>Computing>ComputerSoftwareAndApplications>3-DGraphics
2591760	2630424	0.0008557958644814789	VideoGaming>VideoGameGenres>SimulationVideoGames
2591760	2630424	0.0008428232977166772	Technology&Computing>ArtificialIntelligence
2591760	2630424	0.000786075193900615	Technology&Computing>Computing>ComputerSoftwareAndApplications
2630622	2663364	0.04805760830640793	Technology&Computing>Computing>ComputerSoftwareAndApplications>Databases
2630622	2663364	0.04745226725935936	Technology&Computing>Computing>DataStorageAndWarehousing
2630622	2663364	0.007896178402006626	Technology&Computing>Computing>ComputerSoftwareAndApplications
2630622	2663364	0.0022300919517874718	Technology&Computing>Computing>ProgrammingLanguages
2630622	2663364	0.0019413925474509597	Technology&Computing>Computing>Internet>Search
2630622	2663364	0.0007258407422341406	Technology&Computing>Computing>Internet>WebDevelopment
2630622	2663364	0.0005421069799922407	Home&Garden>HomeAppliances
2630622	2663364	0.00047043748782016337	VideoGaming>VideoGameGenres>StrategyVideoGames
2630622	2663364	0.00035194455995224416	BusinessAndFinance>Business>Logistics
2630622	2663364	0.000308231363305822	Technology&Computing>Robotics
2663402	2686172	0.19397035241127014	RealEstate>RetailProperty
2663402	2686172	0.04763246700167656	BusinessAndFinance>Industries>RealEstateIndustry
2663402	2686172	0.01965980976819992	RealEstate
2663402	2686172	0.016370167955756187	Home&Garden>Remodeling&Construction
2663402	2686172	0.009733006358146667	RealEstate>RealEstateBuyingAndSelling
2663402	2686172	0.009101174771785736	Home&Garden>IndoorEnvironmentalQuality
2663402	2686172	0.005676802713423967	RealEstate>Apartments
2663402	2686172	0.003783499589189887	RealEstate>OfficeProperty
2663402	2686172	0.0021460431162267923	Shopping>HouseholdSupplies
2663402	2686172	0.0018006671452894807	Technology&Computing>Computing>DataStorageAndWarehousing
2686226	2731112	0.9932303428649902	Technology&Computing>Robotics
2686226	2731112	0.038648881018161774	Technology&Computing>ArtificialIntelligence
2686226	2731112	0.0026315362192690372	Automotive>AutoType>DriverlessCars
2686226	2731112	0.0023091027978807688	Automotive>AutoTechnology>AutoNavigationSystems
2686226	2731112	0.001490721246227622	Automotive>AutoBodyStyles>Off-RoadVehicles
2686226	2731112	0.0009083702461794019	Technology&Computing>Computing
2686226	2731112	0.0008560331189073622	Technology&Computing>Computing>ComputerSoftwareAndApplications>OperatingSystems
2686226	2731112	0.0005860954988747835	Technology&Computing>Computing>Internet>InternetOfThings
2686226	2731112	0.0005691262194886804	Hobbies&Interests>RadioControl
2686226	2731112	0.0005398608045652509	Technology&Computing>Computing>ProgrammingLanguages
2731166	2771844	0.01532156951725483	Technology&Computing>Computing>ProgrammingLanguages
2731166	2771844	0.006280764937400818	Technology&Computing>Computing
2731166	2771844	0.005218087695538998	VideoGaming>VideoGameGenres>SimulationVideoGames
2731166	2771844	0.00180768221616745	Technology&Computing>ArtificialIntelligence
2731166	2771844	0.0017324051586911082	Technology&Computing>Computing>ComputerSoftwareAndApplications>3-DGraphics
2731166	2771844	0.0015116780996322632	Technology&Computing>Computing>ComputerSoftwareAndApplications>Databases
2731166	2771844	0.0012804698199033737	Technology&Computing>Computing>DataStorageAndWarehousing
2731166	2771844	0.0011612693779170513	Technology&Computing>Robotics
2731166	2771844	0.0011048218002542853	Science>Physics
2731166	2771844	0.0008858449291437864	Technology&Computing>Computing>ComputerSoftwareAndApplications>OperatingSystems
2771892	2810628	0.6870158910751343	RealEstate>RetailProperty
2771892	2810628	0.21326468884944916	BusinessAndFinance>Industries>RealEstateIndustry
2771892	2810628	0.10210254788398743	RealEstate>RealEstateBuyingAndSelling
2771892	2810628	0.029178764671087265	BusinessAndFinance>Economy>HousingMarket
2771892	2810628	0.00865513551980257	RealEstate
2771892	2810628	0.006983701139688492	Home&Garden>Remodeling&Construction
2771892	2810628	0.0031751266214996576	RealEstate>DevelopmentalSites
2771892	2810628	0.002334335120394826	Technology&Computing>Computing>DataStorageAndWarehousing
2771892	2810628	0.0017642092425376177	Home&Garden>HomeImprovement
2771892	2810628	0.001352455117739737	BusinessAndFinance>Business>BusinessBanking&Finance>Sale&LeaseBack
2810714	2848556	0.030636152252554893	BusinessAndFinance>Business>BusinessOperations
2810714	2848556	0.0028508768882602453	BusinessAndFinance>Business>Sales
2810714	2848556	0.0023860023356974125	BusinessAndFinance>Business>MarketingAndAdvertising
2810714	2848556	0.0012825062731280923	BusinessAndFinance>Business>ExecutiveLeadership&Management
2810714	2848556	0.0011896963696926832	Education>EducationalAssessment
2810714	2848556	0.0009305506246164441	PersonalFinance>FinancialPlanning
2810714	2848556	0.0008458762895315886	BusinessAndFinance>Business>HumanResources
2810714	2848556	0.0007960636867210269	Shopping>SalesAndPromotions
2810714	2848556	0.0007752717356197536	BusinessAndFinance>Industries>MechanicalAndIndustrialEngineeringIndustry
2810714	2848556	0.0005583620513789356	Technology&Computing>Computing>DataStorageAndWarehousing
2848588	2878152	0.0021984493359923363	VideoGaming>VideoGameGenres>SimulationVideoGames
2848588	2878152	0.001661384478211403	BusinessAndFinance>Economy>Commodities
2848588	2878152	0.0013122375821694732	VideoGaming>VideoGameGenres>StrategyVideoGames
2848588	2878152	0.0006521524046547711	BusinessAndFinance>Business>Logistics
2848588	2878152	0.0005926136509515345	Technology&Computing>ArtificialIntelligence
2848588	2878152	0.0005629397928714752	Hobbies&Interests>GamesAndPuzzles>RoleplayingGames
2848588	2878152	0.0005238648154772818	Technology&Computing>Computing>DataStorageAndWarehousing
2848588	2878152	0.00036905548768118024	NewsAndPolitics>Law
2848588	2878152	0.00029996587545610964	BusinessAndFinance>Industries>LogisticsAndTransportationIndustry
2848588	2878152	0.0002990342036355287	Technology&Computing>Computing>ComputerSoftwareAndApplications>Databases
2878206	2910070	0.007773618213832378	Technology&Computing>ArtificialIntelligence
2878206	2910070	0.0054948534816503525	Technology&Computing>Computing>ProgrammingLanguages
2878206	2910070	0.005108288023620844	VideoGaming>VideoGameGenres>SimulationVideoGames
2878206	2910070	0.004694217815995216	Technology&Computing>Computing
2878206	2910070	0.0014161815633997321	Technology&Computing>Computing>ComputerSoftwareAndApplications>OperatingSystems
2878206	2910070	0.0009342404082417488	Technology&Computing>Computing>DataStorageAndWarehousing
2878206	2910070	0.0008448677835986018	Technology&Computing>Robotics
2878206	2910070	0.0004631729971151799	Technology&Computing>Computing>ComputerSoftwareAndApplications>Databases
2878206	2910070	0.0002744190860539675	NewsAndPolitics>Law
2878206	2910070	0.0002690514374990016	BusinessAndFinance>Business>Logistics
2910760	2942216	0.08490218222141266	Technology&Computing>Computing
2910760	2942216	0.07066252827644348	Technology&Computing>ArtificialIntelligence
2910760	2942216	0.015139797702431679	Technology&Computing>Computing>ProgrammingLanguages
2910760	2942216	0.0037094620056450367	VideoGaming>VideoGameGenres>SimulationVideoGames
2910760	2942216	0.0032702055759727955	Technology&Computing>Computing>DataStorageAndWarehousing
2910760	2942216	0.0022627476137131453	Technology&Computing>Computing>ComputerSoftwareAndApplications>Databases
2910760	2942216	0.0010521168587729335	Technology&Computing>Robotics
2910760	2942216	0.0007739696302451193	Technology&Computing
2910760	2942216	0.0006765098078176379	BusinessAndFinance>Business>BusinessI.T.
2910760	2942216	0.0006059506558813155	Technology&Computing>Computing>ComputerSoftwareAndApplications>OperatingSystems
2942248	2974756	0.0021802119445055723	Technology&Computing>ArtificialIntelligence
2942248	2974756	0.0014322017086669803	Technology&Computing>Computing>DataStorageAndWarehousing
2942248	2974756	0.0008154110400937498	VideoGaming>VideoGameGenres>SimulationVideoGames
2942248	2974756	0.0005044203135184944	Technology&Computing>Computing>ComputerSoftwareAndApplications>Databases
2942248	2974756	0.0005011069006286561	Education>EducationalAssessment
2942248	2974756	0.000419464340666309	Technology&Computing>Computing>ProgrammingLanguages
2942248	2974756	0.00028814372490160167	BusinessAndFinance>Business>BusinessOperations
2942248	2974756	0.00026170132332481444	NewsAndPolitics>Politics>PoliticalIssues
2942248	2974756	0.00024806897272355855	Technology&Computing>Computing
2942248	2974756	0.00020972246420569718	Hobbies&Interests>GamesAndPuzzles
2974868	2997230	0.001165398396551609	Technology&Computing>ArtificialIntelligence
2974868	2997230	0.0007884529186412692	Science
2974868	2997230	0.0007075124885886908	Technology&Computing>Computing>ProgrammingLanguages
2974868	2997230	0.0003406281757634133	Technology&Computing>Computing>ComputerSoftwareAndApplications>Databases
2974868	2997230	0.00032535422360524535	Technology&Computing>Computing>DataStorageAndWarehousing
2974868	2997230	0.0002899689134210348	NewsAndPolitics>Politics>PoliticalIssues
2974868	2997230	0.00020647521887440234	EventsAndAttractions>PoliticalEvent
2974868	2997230	0.0002060223341686651	PersonalFinance>PersonalInvesting
2974868	2997230	0.0001966727722901851	Education>EducationalAssessment
2974868	2997230	0.00018007864127866924	BusinessAndFinance>Economy>InterestRates
2998580	3023448	0.08275161683559418	Technology&Computing>Computing>ProgrammingLanguages
2998580	3023448	0.0016946798423305154	Education>LanguageLearning
2998580	3023448	0.0007808714872226119	Education>EducationalAssessment
2998580	3023448	0.0005049636820331216	Technology&Computing>Computing
2998580	3023448	0.00023683885228820145	Education>OnlineEducation
2998580	3023448	0.00021306422422640026	Science>Physics
2998580	3023448	0.00018729026487562805	Technology&Computing>Computing>ComputerSoftwareAndApplications>Databases
2998580	3023448	0.00016385686467401683	Education>HomeworkAndStudy
2998580	3023448	0.0001463197695557028	VideoGaming>VideoGameGenres>EducationalVideoGames
2998580	3023448	0.00010554262553341687	Education>EducationalAssessment>StandardizedTesting
3023614	3058672	0.27180346846580505	Religion&Spirituality>Astrology
3023614	3058672	0.010702120140194893	Technology&Computing>ArtificialIntelligence
3023614	3058672	0.0010981669183820486	Science
3023614	3058672	0.0007800484891049564	Hobbies&Interests>ParanormalPhenomena
3023614	3058672	0.0006543806521221995	PersonalFinance>PersonalInvesting
3023614	3058672	0.00044001106289215386	PersonalFinance>PersonalInvesting>HedgeFunds
3023614	3058672	0.0003815120435319841	Technology&Computing>Computing>Internet>SocialNetworking
3023614	3058672	0.00033689322299323976	Technology&Computing>Computing>ProgrammingLanguages
3023614	3058672	0.0003036026027984917	Hobbies&Interests>GamesAndPuzzles>CardGames
3023614	3058672	0.00026143997092731297	MedicalHealth>DiseasesAndConditions>EyeAndVisionConditions
3058736	3105440	0.017844324931502342	Science
3058736	3105440	0.002396928146481514	Technology&Computing>ArtificialIntelligence
3058736	3105440	0.0004210009938105941	Science>SpaceAndAstronomy
3058736	3105440	0.00042050686897709966	Technology&Computing>Computing
3058736	3105440	0.0003381073765922338	Science>BiologicalSciences
3058736	3105440	0.00031838237191550434	Religion&Spirituality>Astrology
3058736	3105440	0.0002891810145229101	Technology&Computing>Computing>ProgrammingLanguages
3058736	3105440	0.0002642486651893705	MedicalHealth>DiseasesAndConditions>EyeAndVisionConditions
3058736	3105440	0.00024388631572946906	Technology&Computing>Computing>Internet>InternetOfThings
3058736	3105440	0.00024358072550967336	Hobbies&Interests>ParanormalPhenomena
3111510	3147094	0.028621336445212364	BusinessAndFinance>Economy>Commodities
3111510	3147094	0.004056517966091633	Shopping>SalesAndPromotions
3111510	3147094	0.0018153837881982327	VideoGaming>VideoGameGenres>SimulationVideoGames
3111510	3147094	0.0015559085877612233	PersonalFinance>PersonalInvesting>Options
3111510	3147094	0.001541692647151649	BusinessAndFinance>Business>MarketingAndAdvertising
3111510	3147094	0.0015054632676765323	BusinessAndFinance>Economy>InterestRates
3111510	3147094	0.0014111021300777793	BusinessAndFinance>Business>Sales
3111510	3147094	0.001152476528659463	Science
3111510	3147094	0.0010517932241782546	Technology&Computing>ArtificialIntelligence
3111510	3147094	0.0008752241265028715	NewsAndPolitics>Politics>PoliticalIssues
3147152	3178120	0.0033222322817891836	PersonalFinance>PersonalInvesting
3147152	3178120	0.0028820892330259085	PersonalFinance>PersonalInvesting>Options
3147152	3178120	0.001637308276258409	VideoGaming>VideoGameGenres>SimulationVideoGames
3147152	3178120	0.0010668482864275575	Religion&Spirituality>Spirituality
3147152	3178120	0.00074034120189026	NewsAndPolitics>Politics>PoliticalIssues
3147152	3178120	0.0004950256552547216	BusinessAndFinance>Economy>Commodities
3147152	3178120	0.00039855414070189	Technology&Computing>ArtificialIntelligence
3147152	3178120	0.000325315457303077	Religion&Spirituality>Agnosticism
3147152	3178120	0.0003120997571386397	PersonalFinance>PersonalInvesting>HedgeFunds
3147152	3178120	0.0002932025527115911	Technology&Computing>VirtualReality
3178890	3221846	0.01629750058054924	VideoGaming>VideoGameGenres>EducationalVideoGames
3178890	3221846	0.011980053037405014	VideoGaming>VideoGameGenres>PuzzleVideoGames
3178890	3221846	0.010417526587843895	Technology&Computing>VirtualReality
3178890	3221846	0.006857507396489382	Technology&Computing>ArtificialIntelligence
3178890	3221846	0.0059621394611895084	VideoGaming>VideoGameGenres>SimulationVideoGames
3178890	3221846	0.002550567965954542	Shopping>SalesAndPromotions
3178890	3221846	0.002427942818030715	BusinessAndFinance>Business>MarketingAndAdvertising
3178890	3221846	0.0021362677216529846	Hobbies&Interests>GamesAndPuzzles
3178890	3221846	0.0020345081575214863	VideoGaming>VideoGameGenres>ExerciseAndFitnessVideoGames
3178890	3221846	0.0018636458553373814	Education>HomeworkAndStudy
3221948	3254720	0.1883528232574463	BusinessAndFinance>Industries>PowerAndEnergyIndustry
3221948	3254720	0.13015665113925934	PersonalFinance>HomeUtilities>GasAndElectric
3221948	3254720	0.09454011917114258	PersonalFinance>HomeUtilities
3221948	3254720	0.01429151650518179	BusinessAndFinance>Business>BusinessUtilities
3221948	3254720	0.0017452386673539877	Automotive>AutoType>GreenVehicles
3221948	3254720	0.0012962438631802797	Home&Garden>SmartHome
3221948	3254720	0.0012640143977478147	BusinessAndFinance>Business>GreenSolutions
3221948	3254720	0.0007937439368106425	Technology&Computing>Computing>Internet>InternetOfThings
3221948	3254720	0.0005275820149108768	Technology&Computing>Computing
3221948	3254720	0.0005144503084011376	Technology&Computing>ConsumerElectronics
3255330	3296042	0.9745109677314758	Technology&Computing>ArtificialIntelligence
3255330	3296042	0.0028849507216364145	Technology&Computing>Robotics
3255330	3296042	0.001962232869118452	Technology&Computing
3255330	3296042	0.0018967540236189961	Technology&Computing>Computing
3255330	3296042	0.0006577943568117917	Hobbies&Interests>GamesAndPuzzles
3255330	3296042	0.0005230276146903634	VideoGaming>VideoGameGenres>SimulationVideoGames
3255330	3296042	0.0004948982386849821	Automotive>AutoType>DriverlessCars
3255330	3296042	0.0004724523168988526	Technology&Computing>Computing>ProgrammingLanguages
3255330	3296042	0.00039849276072345674	Hobbies&Interests>GamesAndPuzzles>RoleplayingGames
3255330	3296042	0.00028439672314561903	Science
3296096	3327542	0.005000269506126642	BusinessAndFinance>Industries>PowerAndEnergyIndustry
3296096	3327542	0.002263092203065753	Science>Physics
3296096	3327542	0.0016593713080510497	BusinessAndFinance>Economy>Commodities
3296096	3327542	0.001238351920619607	Science
3296096	3327542	0.0007478312472812831	BusinessAndFinance>Economy>InterestRates
3296096	3327542	0.000552492099814117	Science>Chemistry
3296096	3327542	0.000523878785315901	NewsAndPolitics>Weather
3296096	3327542	0.0003967501106671989	BusinessAndFinance>Business>GreenSolutions
3296096	3327542	0.0003002886660397053	BusinessAndFinance>Economy
3296096	3327542	0.0002111965586664155	PersonalFinance>HomeUtilities>GasAndElectric
3327596	3370766	0.012471234425902367	Science>Physics
3327596	3370766	0.004939613863825798	NewsAndPolitics>Weather
3327596	3370766	0.0026578507386147976	VideoGaming>VideoGameGenres>SimulationVideoGames
3327596	3370766	0.0009151087724603713	Science>SpaceAndAstronomy
3327596	3370766	0.0008920314139686525	Science
3327596	3370766	0.0008695012656971812	BusinessAndFinance>Economy>InterestRates
3327596	3370766	0.0007266328320838511	PersonalFinance>PersonalInvesting
3327596	3370766	0.0006479352596215904	Science>Chemistry
3327596	3370766	0.0005098468391224742	Technology&Computing>Computing>ComputerSoftwareAndApplications>3-DGraphics
3327596	3370766	0.0004136754141654819	BusinessAndFinance>Economy>Commodities
3370878	3404714	0.3929412066936493	Technology&Computing>ArtificialIntelligence
3370878	3404714	0.06283002346754074	Science>Physics
3370878	3404714	0.006789288949221373	Technology&Computing>Robotics
3370878	3404714	0.0019270693883299828	Science
3370878	3404714	0.0016826255014166236	Technology&Computing
3370878	3404714	0.0015404680743813515	Science>Chemistry
3370878	3404714	0.001036075409501791	Technology&Computing>Computing
3370878	3404714	0.0005470914184115827	Science>SpaceAndAstronomy
3370878	3404714	0.00038484952528961003	Hobbies&Interests>Sci-fiAndFantasy
3370878	3404714	0.0002954023366328329	Technology&Computing>VirtualReality
3404762	3447798	0.11399737000465393	Science
3404762	3447798	0.04845548793673515	Technology&Computing>ArtificialIntelligence
3404762	3447798	0.0013212268240749836	Science>Chemistry
3404762	3447798	0.0012838372495025396	Technology&Computing>Computing>Internet>SocialNetworking
3404762	3447798	0.0012411801144480705	Hobbies&Interests>ContentProduction
3404762	3447798	0.0011943733552470803	Hobbies&Interests>ParanormalPhenomena
3404762	3447798	0.0009733962942846119	Hobbies&Interests>ContentProduction>FreelanceWriting
3404762	3447798	0.0007837524171918631	Education>EducationalAssessment
3404762	3447798	0.0007185219437815249	Science>Physics
3404762	3447798	0.0007164012640714645	Technology&Computing>Computing
3447974	3469202	0.5559148192405701	Science>Physics
3447974	3469202	0.03530539572238922	Science
3447974	3469202	0.012687579728662968	Technology&Computing>ArtificialIntelligence
3447974	3469202	0.009260056540369987	Technology&Computing
3447974	3469202	0.003849074710160494	Science>Chemistry
3447974	3469202	0.002389957895502448	Technology&Computing>Computing
3447974	3469202	0.0022512516006827354	Technology&Computing>Computing>ProgrammingLanguages
3447974	3469202	0.0016711115604266524	VideoGaming>VideoGameGenres>SimulationVideoGames
3447974	3469202	0.001315060188062489	Technology&Computing>Robotics
3447974	3469202	0.0010151708265766501	BusinessAndFinance>Industries>TechnologyIndustry
3469336	3497382	0.994881272315979	Technology&Computing>ArtificialIntelligence
3469336	3497382	0.020296651870012283	Technology&Computing
3469336	3497382	0.0036584902554750443	Technology&Computing>Computing
3469336	3497382	0.0018711781594902277	Technology&Computing>Robotics
3469336	3497382	0.0011805440299212933	Technology&Computing>Computing>ProgrammingLanguages
3469336	3497382	0.0009400388807989657	Science
3469336	3497382	0.0007242754218168557	Automotive>AutoType>DriverlessCars
3469336	3497382	0.0006542428163811564	Technology&Computing>Computing>Internet>SocialNetworking
3469336	3497382	0.0005915192305110395	Technology&Computing>Computing>Internet>InternetOfThings
3469336	3497382	0.0003312375338282436	Education>HomeworkAndStudy
3497446	3521974	0.20154359936714172	Science
3497446	3521974	0.0960167944431305	Technology&Computing>ArtificialIntelligence
3497446	3521974	0.01741645857691765	Hobbies&Interests>ParanormalPhenomena
3497446	3521974	0.0028221672400832176	Science>Physics
3497446	3521974	0.002817640546709299	Religion&Spirituality>Astrology
3497446	3521974	0.002133788075298071	Technology&Computing>Computing>Internet>SocialNetworking
3497446	3521974	0.001776444842107594	Technology&Computing
3497446	3521974	0.0013273830991238356	Science>Chemistry
3497446	3521974	0.0008318491745740175	Hobbies&Interests>ContentProduction
3497446	3521974	0.0006879193242639303	Technology&Computing>Computing
3522012	3558430	0.5897646546363831	Science
3522012	3558430	0.16031500697135925	Technology&Computing
3522012	3558430	0.03525162488222122	BusinessAndFinance>Industries>TechnologyIndustry
3522012	3558430	0.012185989879071712	Hobbies&Interests>ParanormalPhenomena
3522012	3558430	0.008805792778730392	Technology&Computing>ArtificialIntelligence
3522012	3558430	0.00490289693698287	Hobbies&Interests>Sci-fiAndFantasy
3522012	3558430	0.0039944215677678585	Technology&Computing>Computing>Internet>ITAndInternetSupport
3522012	3558430	0.003478017635643482	Hobbies&Interests>ContentProduction
3522012	3558430	0.003113838844001293	HealthyLiving>Wellness>AlternativeMedicine>HolisticHealth
3522012	3558430	0.0027680208440870047	Education>OnlineEducation
3558580	3577890	0.23841708898544312	Technology&Computing>Computing>ProgrammingLanguages
3558580	3577890	0.035168152302503586	FineArt>Design
3558580	3577890	0.03223598003387451	Technology&Computing>Computing>Internet>WebDevelopment
3558580	3577890	0.02471788041293621	Technology&Computing
3558580	3577890	0.018117494881153107	Technology&Computing>Computing>Internet>WebDesignAndHTML
3558580	3577890	0.01414658036082983	Technology&Computing>Computing>ComputerSoftwareAndApplications>DesktopPublishing
3558580	3577890	0.01282441895455122	Technology&Computing>Computing
3558580	3577890	0.012325432151556015	Technology&Computing>Computing>Internet>ITAndInternetSupport
3558580	3577890	0.007134951651096344	Technology&Computing>Computing>ComputerSoftwareAndApplications
3558580	3577890	0.00398268224671483	BusinessAndFinance>Business>BusinessI.T.
